Timestamp,Time,Latitude,Longitude,Accuracy,DoseRate,CountRate,Comment
1.33E+17,11/17/2023 18:29,40.0177045,-75.1208968,6.66,8.95,9.2, 
1.33E+17,11/17/2023 18:30,40.0177973,-75.1208878,5.61,9.04,9.18, 
1.33E+17,11/17/2023 18:29,40.0176141,-75.1209348,5.27,8.88,9.17, 
1.33E+17,11/17/2023 18:28,40.0171673,-75.1206767,5.77,9.21,9.16, 
1.33E+17,11/17/2023 18:30,40.0178565,-75.1209797,5.16,8.83,9.14, 
1.33E+17,11/17/2023 18:28,40.017243,-75.120742,5.55,8.85,9.11, 
1.33E+17,11/17/2023 18:28,40.0170811,-75.1206402,5.51,9.05,9.09, 
1.33E+17,11/17/2023 18:28,40.0172522,-75.1208633,5.58,8.59,9.08, 
1.33E+17,11/17/2023 18:29,40.0174427,-75.1208457,5.27,8.74,9.06, 
1.33E+17,11/17/2023 18:29,40.0175281,-75.1208874,5.26,8.62,9.06, 
1.33E+17,11/17/2023 18:29,40.0173428,-75.1208939,5.35,8.66,8.99, 
1.33E+17,11/17/2023 18:28,40.0170007,-75.1205815,5.07,8.59,8.94, 
1.33E+17,11/17/2023 18:30,40.0179307,-75.1210509,7.81,9.02,8.92, 
1.33E+17,11/17/2023 18:30,40.018017,-75.1210855,5.94,8.77,8.84, 
1.33E+17,11/17/2023 18:28,40.0169215,-75.1205176,5.45,8.24,8.83, 
1.33E+17,11/17/2023 18:30,40.0181019,-75.1211267,6.26,8.77,8.77, 
1.33E+17,11/17/2023 18:27,40.0167721,-75.1203582,5.3,8.34,8.76, 
1.33E+17,11/17/2023 18:27,40.0168438,-75.1204361,8.5,8.26,8.71, 
1.33E+17,11/17/2023 18:30,40.0181828,-75.1211875,5.93,8.81,8.71, 
1.33E+17,11/17/2023 18:31,40.0182462,-75.121278,5.6,9.08,8.71, 
1.33E+17,11/17/2023 18:31,40.0182703,-75.121397,5.73,9.06,8.7, 
1.33E+17,11/17/2023 18:31,40.0184229,-75.1215082,5.4,9.13,8.68, 
1.33E+17,11/17/2023 18:31,40.0183582,-75.1214264,5.27,9.25,8.67, 
1.33E+17,11/17/2023 18:27,40.0167186,-75.1202605,5.79,8.64,8.62, 
1.33E+17,11/17/2023 18:31,40.0184657,-75.1214021,5.41,8.94,8.53, 
1.33E+17,11/17/2023 18:38,40.0172249,-75.120471,5.37,8.71,8.52, 
1.33E+17,11/17/2023 18:32,40.0184143,-75.1205557,5.98,8.64,8.46, 
1.33E+17,11/17/2023 18:38,40.0171334,-75.120424,5.53,8.74,8.45, 
1.33E+17,11/17/2023 18:39,40.0170355,-75.1204003,5.87,8.76,8.45, 
1.33E+17,11/17/2023 18:32,40.0184102,-75.1207994,5.8,8.59,8.43, 
1.33E+17,11/17/2023 18:32,40.0184117,-75.1206778,5.34,8.69,8.43, 
1.33E+17,11/17/2023 18:38,40.0174476,-75.1206548,5.84,9.02,8.43, 
1.33E+17,11/17/2023 18:38,40.0173571,-75.1206162,5.88,8.98,8.43, 
1.33E+17,11/17/2023 18:32,40.0184579,-75.1212812,5.58,8.91,8.42, 
1.33E+17,11/17/2023 18:33,40.0183941,-75.120438,7.27,8.78,8.41, 
1.33E+17,11/17/2023 18:32,40.0184561,-75.1211564,5.77,8.8,8.4, 
1.33E+17,11/17/2023 18:32,40.0184309,-75.1210391,5.68,8.74,8.38, 
1.33E+17,11/17/2023 18:37,40.0175349,-75.1208507,5.74,8.92,8.38, 
1.33E+17,11/17/2023 18:38,40.0175201,-75.1207336,6.09,8.98,8.37, 
1.33E+17,11/17/2023 18:39,40.0169396,-75.1203928,8.92,8.59,8.36, 
1.33E+17,11/17/2023 18:38,40.0173118,-75.1205078,5.71,8.51,8.35, 
1.33E+17,11/17/2023 18:32,40.018417,-75.1209213,5.64,8.49,8.34, 
1.33E+17,11/13/2023 20:23,40.0167747,-75.1206094,3.79,7.86,8.33, 
1.33E+17,11/13/2023 20:23,40.0167747,-75.1206094,3.79,7.86,8.33, 
1.33E+17,11/17/2023 18:37,40.0176108,-75.1209214,5.68,8.82,8.3, 
1.33E+17,11/13/2023 20:23,40.0168185,-75.1208238,6.33,7.82,8.26, 
1.33E+17,11/13/2023 20:23,40.0168185,-75.1208238,6.33,7.82,8.26, 
1.33E+17,11/17/2023 18:39,40.0168512,-75.1203685,6.29,8.49,8.26, 
1.33E+17,11/13/2023 20:23,40.0168276,-75.1209441,5.57,7.66,8.25, 
1.33E+17,11/13/2023 20:23,40.0168672,-75.1208362,5.36,7.98,8.25, 
1.33E+17,11/13/2023 20:23,40.0168276,-75.1209441,5.57,7.66,8.25, 
1.33E+17,11/13/2023 20:23,40.0168672,-75.1208362,5.36,7.98,8.25, 
1.33E+17,11/17/2023 18:33,40.0183926,-75.1203204,6.01,8.73,8.25, 
1.33E+17,11/17/2023 18:27,40.0166234,-75.1202127,5.51,8.15,8.24, 
1.33E+17,11/13/2023 20:23,40.0168064,-75.1207008,5.86,7.69,8.23, 
1.33E+17,11/13/2023 20:23,40.0168064,-75.1207008,5.86,7.69,8.23, 
1.33E+17,11/17/2023 18:37,40.0176799,-75.1210016,5.34,8.57,8.23, 
1.33E+17,11/6/2023 20:39,40.018181,-75.1196071,5.04,5.09,8.17, 
1.33E+17,11/6/2023 20:39,40.0181607,-75.1194915,5.41,5.09,8.17, 
1.33E+17,11/13/2023 20:23,40.0169543,-75.1207948,5.71,7.83,8.16, 
1.33E+17,11/6/2023 20:38,40.0181513,-75.1197195,5.74,5.19,8.15, 
1.33E+17,11/15/2023 19:04,40.0185757,-75.1228273,5.9,8.16,8.14, 
1.33E+17,11/15/2023 19:02,40.017902,-75.1231343,5.99,8.41,8.13, 
1.33E+17,11/6/2023 20:38,40.0180067,-75.1196116,9.83,5.07,8.13, 
1.33E+17,11/6/2023 20:38,40.0180579,-75.1197085,5.72,5.07,8.13, 
1.33E+17,11/13/2023 20:23,40.017041,-75.1207478,5.49,7.67,8.13, 
1.33E+17,11/15/2023 19:04,40.0184819,-75.1232069,7.67,8.14,8.12, 
1.33E+17,11/15/2023 19:04,40.0186229,-75.123057,5.86,8.12,8.12, 
1.33E+17,11/15/2023 19:04,40.0186202,-75.1229392,5.89,8.11,8.12, 
1.33E+17,11/15/2023 19:04,40.0184181,-75.1233086,8.9,8.07,8.11, 
1.33E+17,11/6/2023 20:39,40.0181415,-75.1193746,8.18,5.11,8.11, 
1.33E+17,11/15/2023 19:03,40.0182297,-75.1232472,10.6,8.08,8.1, 
1.33E+17,11/15/2023 19:03,40.0183732,-75.1234117,10.2,7.95,8.1, 
1.33E+17,11/15/2023 19:04,40.0185885,-75.1225868,8.73,7.82,8.1, 
1.33E+17,11/15/2023 19:05,40.0186305,-75.1224802,5.82,7.82,8.1, 
1.33E+17,11/13/2023 20:24,40.0171,-75.1206592,5.69,7.67,8.1, 
1.33E+17,11/15/2023 19:03,40.0181706,-75.1231587,9.93,8.19,8.09, 
1.33E+17,11/15/2023 19:04,40.0185531,-75.1227063,7.58,7.81,8.09, 
1.33E+17,11/15/2023 19:02,40.0178097,-75.1231381,7.11,8.46,8.08, 
1.33E+17,11/15/2023 19:03,40.0182546,-75.1234921,5.91,7.66,8.08, 
1.33E+17,11/15/2023 19:04,40.0185656,-75.1231514,6.9,8.26,8.08, 
1.33E+17,11/15/2023 19:03,40.018268,-75.1236097,6.28,7.72,8.07, 
1.33E+17,11/6/2023 20:39,40.018233,-75.1193358,9.07,5.07,8.07, 
1.33E+17,11/6/2023 20:39,40.0183044,-75.1194096,9.54,5.07,8.07, 
1.33E+17,11/15/2023 19:02,40.017723,-75.1231725,6.82,8.48,8.06, 
1.33E+17,11/15/2023 19:03,40.0183284,-75.123519,7.25,8.02,8.06, 
1.33E+17,11/15/2023 19:03,40.0180824,-75.1231116,6.78,8.27,8.05, 
1.33E+17,11/15/2023 19:05,40.0186053,-75.1223607,5.94,7.39,8.05, 
1.33E+17,11/6/2023 20:38,40.0178441,-75.1195303,5.9,5.09,8.05, 
1.33E+17,11/6/2023 20:38,40.0179365,-75.1195305,7.92,5.09,8.05, 
1.33E+17,11/15/2023 19:03,40.0182464,-75.1233685,8.61,7.8,8.04, 
1.33E+17,11/15/2023 19:02,40.0179917,-75.1230993,5.51,8.4,8.03, 
1.33E+17,11/15/2023 19:02,40.017633,-75.1231945,5.75,8.4,8, 
1.33E+17,11/13/2023 20:24,40.0171646,-75.1205753,5.72,7.49,7.99, 
1.33E+17,11/15/2023 19:02,40.0175422,-75.1232058,5.76,8.21,7.98, 
1.33E+17,11/6/2023 20:37,40.0176029,-75.1196758,5.93,4.91,7.97, 
1.33E+17,11/6/2023 20:37,40.0175665,-75.1195663,5.75,4.91,7.97, 
1.33E+17,11/6/2023 20:39,40.0183474,-75.1195182,10.2,5.18,7.97, 
1.33E+17,11/6/2023 20:39,40.0184315,-75.1195692,5.82,5.18,7.97, 
1.33E+17,11/15/2023 19:05,40.0185849,-75.1222445,6.34,7.45,7.96, 
1.33E+17,11/6/2023 20:38,40.0176551,-75.1195364,5.18,4.94,7.95, 
1.33E+17,11/6/2023 20:38,40.0177538,-75.1195453,5.83,4.94,7.95, 
1.33E+17,11/13/2023 20:24,40.0172449,-75.120511,5.78,7.43,7.95, 
1.33E+17,11/15/2023 19:02,40.0174499,-75.1232099,5.81,8.16,7.93, 
1.33E+17,11/15/2023 19:05,40.0185589,-75.1221295,5.66,7.46,7.93, 
1.33E+17,11/13/2023 20:24,40.0174193,-75.1202195,5.8,7.42,7.93, 
1.33E+17,11/13/2023 20:28,40.0175609,-75.1221002,5.8,6.91,7.92, 
1.33E+17,11/6/2023 20:40,40.0185218,-75.119623,5.89,5.21,7.91, 
1.33E+17,11/6/2023 20:40,40.0185775,-75.1197154,5.49,5.21,7.91, 
1.33E+17,11/13/2023 20:24,40.0173606,-75.1203167,5.96,7.23,7.91, 
1.33E+17,11/15/2023 19:02,40.0173542,-75.1231927,6.06,7.99,7.89, 
1.33E+17,11/13/2023 20:24,40.0173186,-75.1204382,5.68,7.23,7.89, 
1.33E+17,11/6/2023 20:37,40.0176692,-75.1199058,6.03,4.75,7.88, 
1.33E+17,11/6/2023 20:37,40.0176361,-75.1197886,5.96,4.75,7.88, 
1.33E+17,11/13/2023 20:25,40.0176521,-75.1198687,7.57,6.96,7.88, 
1.33E+17,11/13/2023 20:24,40.0174823,-75.1201249,7.5,7.42,7.86, 
1.33E+17,11/13/2023 20:28,40.0175591,-75.1219823,5.45,6.78,7.86, 
1.33E+17,11/15/2023 19:07,40.019322,-75.1208794,6.61,7.58,7.85, 
1.33E+17,11/13/2023 20:28,40.0175508,-75.1218641,5.6,6.95,7.85, 
1.33E+17,11/15/2023 19:01,40.017295,-75.1232851,7.17,8.18,7.84, 
1.33E+17,11/15/2023 19:05,40.0185387,-75.1220123,5.64,7.55,7.84, 
1.33E+17,11/13/2023 20:33,40.0187334,-75.1205966,5.68,6.98,7.84, 
1.33E+17,11/15/2023 19:05,40.0185288,-75.1218943,5.51,7.34,7.83, 
1.33E+17,11/15/2023 19:08,40.0194882,-75.1207721,6.85,7.33,7.83, 
1.33E+17,11/13/2023 20:25,40.0175652,-75.1200732,7.61,7.17,7.83, 
1.33E+17,11/13/2023 20:31,40.0180188,-75.1220137,6.11,6.92,7.83, 
1.33E+17,11/13/2023 20:33,40.0187744,-75.1204867,8.43,6.92,7.83, 
1.33E+17,11/13/2023 20:25,40.0176266,-75.1199851,7.91,7,7.82, 
1.33E+17,11/13/2023 20:28,40.0175852,-75.1222156,5.76,6.89,7.82, 
1.33E+17,11/13/2023 20:30,40.0179005,-75.1222013,7.07,6.9,7.82, 
1.33E+17,11/13/2023 20:29,40.0175859,-75.1223333,5.34,6.76,7.81, 
1.33E+17,11/13/2023 20:33,40.0186754,-75.1206982,6.03,6.87,7.81, 
1.33E+17,11/15/2023 19:07,40.0194086,-75.1208353,6.51,7.47,7.8, 
1.33E+17,11/13/2023 20:28,40.0175318,-75.1217496,5.59,6.84,7.8, 
1.33E+17,11/13/2023 20:30,40.0179592,-75.1221094,5.96,6.97,7.8, 
1.33E+17,11/13/2023 20:31,40.018276,-75.1215069,5.68,7.59,7.8, 
1.33E+17,11/15/2023 19:01,40.0173143,-75.1233999,7.97,8.09,7.79, 
1.33E+17,11/15/2023 19:08,40.0194651,-75.1205501,5.71,7.23,7.79, 
1.33E+17,11/13/2023 20:31,40.0182091,-75.1215855,5.85,7.51,7.79, 
1.33E+17,11/13/2023 20:34,40.0189649,-75.1198269,6.79,7.69,7.79, 
1.33E+17,11/13/2023 20:25,40.0175785,-75.1197934,7.57,6.97,7.78, 
1.33E+17,11/13/2023 20:30,40.0176712,-75.1227181,5.93,6.97,7.78, 
1.33E+17,11/13/2023 20:33,40.0189393,-75.1199414,9.61,7.6,7.78, 
1.33E+17,11/15/2023 19:08,40.0195083,-75.120655,6.9,7.28,7.77, 
1.33E+17,11/13/2023 20:29,40.0175868,-75.1224505,5.51,6.76,7.77, 
1.33E+17,11/13/2023 20:30,40.0177317,-75.1226301,5.42,7.18,7.77, 
1.33E+17,11/13/2023 20:30,40.0177767,-75.1225235,5.46,7.18,7.77, 
1.33E+17,11/13/2023 20:32,40.0185662,-75.1208895,7.24,7.09,7.77, 
1.33E+17,11/15/2023 19:05,40.0185454,-75.1217742,5.94,7.21,7.76, 
1.33E+17,11/13/2023 20:31,40.0183132,-75.1213952,5.49,7.67,7.76, 
1.33E+17,11/15/2023 19:06,40.0185354,-75.1216536,5.81,7.19,7.75, 
1.33E+17,11/6/2023 20:37,40.0177101,-75.1201379,7.95,4.71,7.75, 
1.33E+17,11/6/2023 20:37,40.0176842,-75.1200228,5.47,4.71,7.75, 
1.33E+17,11/13/2023 20:28,40.0175176,-75.121631,6,6.66,7.75, 
1.33E+17,11/13/2023 20:30,40.0178601,-75.1223087,6.13,7,7.75, 
1.33E+17,11/13/2023 20:31,40.0181427,-75.1216842,5.64,7.37,7.75, 
1.33E+17,11/13/2023 20:32,40.0186187,-75.1207931,6.42,6.94,7.75, 
1.33E+17,11/13/2023 20:33,40.0189061,-75.1200514,10.7,7.42,7.75, 
1.33E+17,11/15/2023 19:01,40.0172839,-75.1235157,5.87,7.95,7.74, 
1.33E+17,11/13/2023 20:31,40.0181018,-75.1217954,5.55,7.05,7.74, 
1.33E+17,11/13/2023 20:33,40.018883,-75.1202887,10.8,6.99,7.74, 
1.33E+17,11/13/2023 20:33,40.0189065,-75.120172,11.4,7.3,7.74, 
1.33E+17,11/6/2023 20:40,40.0186513,-75.1197856,5.48,5.1,7.73, 
1.33E+17,11/6/2023 20:40,40.018742,-75.119786,5.41,5.1,7.73, 
1.33E+17,11/13/2023 20:30,40.0178164,-75.122416,5.66,7.1,7.73, 
1.33E+17,11/13/2023 20:31,40.0180631,-75.1219065,5.89,6.92,7.73, 
1.33E+17,11/13/2023 20:34,40.0190262,-75.1197316,6.19,7.7,7.73, 
1.33E+17,11/13/2023 20:29,40.0176456,-75.122839,5.5,7.04,7.72, 
1.33E+17,11/13/2023 20:33,40.0188154,-75.1203755,10.9,6.8,7.72, 
1.33E+17,11/13/2023 20:29,40.0175954,-75.1225688,5.96,6.74,7.71, 
1.33E+17,11/13/2023 20:32,40.0183722,-75.1212942,5.57,7.45,7.7, 
1.33E+17,11/15/2023 19:06,40.018513,-75.1215372,5.72,7.13,7.69, 
1.33E+17,11/15/2023 19:08,40.019429,-75.1204366,4.88,7.13,7.69, 
1.33E+17,11/13/2023 20:29,40.0175901,-75.1229318,5.61,6.97,7.69, 
1.33E+17,11/13/2023 20:32,40.0184437,-75.1210747,5.95,7.24,7.69, 
1.33E+17,11/13/2023 20:28,40.0175056,-75.121502,5.87,6.61,7.68, 
1.33E+17,11/13/2023 20:34,40.0192122,-75.119728,5.68,7.29,7.68, 
1.33E+17,11/13/2023 20:34,40.0192752,-75.1196275,7.78,7.29,7.68, 
1.33E+17,11/13/2023 20:32,40.0184093,-75.1211841,5.92,7.28,7.66, 
1.33E+17,11/13/2023 20:32,40.0185026,-75.1209824,8.73,7.28,7.66, 
1.33E+17,11/13/2023 20:34,40.0191189,-75.1197281,6.63,7.33,7.66, 
1.33E+17,11/15/2023 19:01,40.0172752,-75.1236377,7.39,7.69,7.65, 
1.33E+17,11/15/2023 19:06,40.0185082,-75.1214156,5.69,7.38,7.65, 
1.33E+17,11/15/2023 19:08,40.0194013,-75.1203243,5.01,7.38,7.65, 
1.33E+17,11/13/2023 20:29,40.0176077,-75.1228054,5.66,6.91,7.65, 
1.33E+17,11/13/2023 20:27,40.0175158,-75.1213812,5.79,6.57,7.64, 
1.33E+17,11/15/2023 19:01,40.017247,-75.1237506,5.72,7.6,7.63, 
1.33E+17,11/6/2023 20:40,40.0190201,-75.1197499,7.32,5.15,7.63, 
1.33E+17,11/6/2023 20:40,40.0191102,-75.1197384,8.1,5.15,7.63, 
1.33E+17,11/6/2023 20:36,40.0175763,-75.1203084,5.57,4.54,7.62, 
1.33E+17,11/6/2023 20:36,40.0176344,-75.1202097,7.91,4.54,7.62, 
1.33E+17,11/6/2023 20:40,40.0188367,-75.1197651,6.08,5.02,7.62, 
1.33E+17,11/6/2023 20:40,40.018929,-75.119758,7.14,5.02,7.62, 
1.33E+17,11/6/2023 20:36,40.0174662,-75.1204996,5.67,4.53,7.61, 
1.33E+17,11/6/2023 20:36,40.0175276,-75.1204101,5.46,4.53,7.61, 
1.33E+17,11/15/2023 19:01,40.0172372,-75.1238695,6.89,7.63,7.6, 
1.33E+17,11/15/2023 19:08,40.0193726,-75.120202,4.91,7.22,7.6, 
1.33E+17,11/13/2023 20:26,40.0175469,-75.1199126,9.16,6.94,7.58, 
1.33E+17,11/6/2023 20:40,40.019204,-75.1197209,7.58,5.26,7.57, 
1.33E+17,11/6/2023 20:41,40.0192874,-75.1196667,8.74,5.26,7.57, 
1.33E+17,11/13/2023 20:29,40.0175955,-75.1226893,5.61,6.62,7.57, 
1.33E+17,11/15/2023 19:06,40.0185144,-75.1212984,5.71,7.2,7.54, 
1.33E+17,11/15/2023 19:00,40.0171868,-75.1239682,7.78,7.72,7.52, 
1.33E+17,11/6/2023 20:36,40.0173369,-75.120656,5.44,4.37,7.52, 
1.33E+17,11/6/2023 20:36,40.0173781,-75.1205434,5.41,4.37,7.52, 
1.33E+17,11/13/2023 20:26,40.0175271,-75.1200384,11.4,6.86,7.52, 
1.33E+17,11/13/2023 20:27,40.0175136,-75.1212553,5.89,6.51,7.52, 
1.33E+17,11/15/2023 19:00,40.0171529,-75.1240816,8.54,7.47,7.5, 
1.33E+17,11/15/2023 19:08,40.0193498,-75.1200781,6.11,7.12,7.5, 
1.33E+17,11/15/2023 18:53,40.017294,-75.1191427,10.1,7.4,7.49, 
1.33E+17,11/15/2023 18:54,40.017123,-75.119234,10.6,7.47,7.49, 
1.33E+17,11/15/2023 19:00,40.0170901,-75.1241703,6.5,7.61,7.49, 
1.33E+17,11/15/2023 18:53,40.0174728,-75.1190425,9.28,7.55,7.48, 
1.33E+17,11/15/2023 18:53,40.0173822,-75.1191111,10.4,7.49,7.48, 
1.33E+17,11/15/2023 19:00,40.0170099,-75.1242286,5.88,7.51,7.48, 
1.33E+17,11/6/2023 20:41,40.0192447,-75.1195605,7.08,4.94,7.48, 
1.33E+17,11/6/2023 20:41,40.019204,-75.1194502,6.5,4.94,7.48, 
1.33E+17,11/13/2023 20:27,40.0175052,-75.1211329,5.89,6.48,7.47, 
1.33E+17,11/15/2023 18:53,40.0175569,-75.1189988,6.79,7.35,7.46, 
1.33E+17,11/15/2023 18:53,40.0172103,-75.1191864,10.3,7.24,7.46, 
1.33E+17,11/15/2023 18:54,40.016865,-75.1193815,6.17,7.39,7.46, 
1.33E+17,11/13/2023 20:27,40.0174869,-75.1210144,5.84,6.55,7.46,
1.33E+17,11/15/2023 18:54,40.0167825,-75.1194437,6.11,7.45,7.44,
1.33E+17,11/6/2023 20:41,40.0192813,-75.1195163,8.87,4.83,7.44,
1.33E+17,11/15/2023 18:53,40.0176278,-75.1189176,5.23,7.3,7.43,
1.33E+17,11/15/2023 18:54,40.0170413,-75.1192905,7.82,7.37,7.43,
1.33E+17,11/15/2023 18:53,40.0177145,-75.1188549,6.67,7.27,7.42,
1.33E+17,11/15/2023 18:54,40.0166087,-75.1195477,11,7.37,7.42,
1.33E+17,11/15/2023 18:54,40.0169541,-75.1193366,6.62,7.49,7.41,
1.33E+17,11/13/2023 20:27,40.017478,-75.1208929,6.31,6.7,7.41,
1.33E+17,11/13/2023 20:26,40.017502,-75.1201548,6.18,6.45,7.39,
1.33E+17,11/13/2023 20:26,40.0174628,-75.1205242,5.77,6.92,7.39,
1.33E+17,11/15/2023 18:54,40.0165204,-75.1195766,11,7.29,7.38,
1.33E+17,11/15/2023 19:06,40.0185539,-75.1211864,6.7,6.6,7.38,
1.33E+17,11/15/2023 19:08,40.0193451,-75.119949,6.32,6.7,7.38,
1.33E+17,11/13/2023 20:27,40.017488,-75.1206454,5.9,6.8,7.38,
1.33E+17,11/13/2023 20:27,40.0174875,-75.1207721,5.84,6.77,7.38,
1.33E+17,11/15/2023 18:54,40.0166943,-75.1195084,9.38,7.38,7.37,
1.33E+17,11/15/2023 18:53,40.0178001,-75.1188146,5.36,7.11,7.36,
1.33E+17,11/15/2023 18:55,40.0164274,-75.1196012,10.3,7.12,7.36,
1.33E+17,11/15/2023 18:55,40.0163386,-75.1196394,11.2,7.22,7.34,
1.33E+17,11/15/2023 19:00,40.016947,-75.1243244,5.45,7.2,7.33,
1.33E+17,11/13/2023 20:26,40.0174836,-75.1202798,5.85,6.52,7.33,
1.33E+17,11/13/2023 20:26,40.0174689,-75.1204008,5.79,6.77,7.33,
1.33E+17,11/15/2023 18:55,40.0162469,-75.1196576,11.5,7.26,7.32,
1.33E+17,11/6/2023 20:35,40.0172063,-75.1207793,5.32,4.25,7.32,
1.33E+17,11/6/2023 20:35,40.0172975,-75.1207655,5.74,4.25,7.32,
1.33E+17,11/6/2023 20:41,40.0193609,-75.1194494,9.1,4.8,7.32,
1.33E+17,11/15/2023 18:52,40.0178923,-75.1187909,6.55,7.01,7.3,
1.33E+17,11/15/2023 18:55,40.0162267,-75.1197721,10.4,7.41,7.3,
1.33E+17,11/15/2023 19:00,40.0168311,-75.1242689,5.68,6.85,7.3,
1.33E+17,11/15/2023 18:59,40.0168033,-75.1240256,5.57,6.87,7.29,
1.33E+17,11/15/2023 18:59,40.0168129,-75.1241481,6.01,6.89,7.29,
1.33E+17,11/15/2023 19:08,40.0193246,-75.1198302,6.27,6.51,7.29,
1.33E+17,11/15/2023 19:00,40.0168668,-75.1243787,5.54,6.87,7.25,
1.33E+17,11/15/2023 18:55,40.016253,-75.1198924,11.1,7.19,7.24,
1.33E+17,11/15/2023 18:55,40.0162114,-75.1200008,9.93,7.1,7.24,
1.33E+17,11/15/2023 18:52,40.0179876,-75.1187899,6.96,6.87,7.23,
1.33E+17,11/15/2023 18:55,40.0162133,-75.1201207,9.69,7.11,7.23,
1.33E+17,11/15/2023 18:59,40.0167911,-75.123906,5.94,6.71,7.21,
1.33E+17,11/15/2023 19:06,40.0186102,-75.1210867,6.01,6.45,7.21,
1.33E+17,11/15/2023 19:09,40.0192996,-75.1196964,6.65,6.58,7.21,
1.33E+17,11/15/2023 19:09,40.0193122,-75.1194625,6.59,6.67,7.21,
1.33E+17,11/15/2023 18:59,40.0167775,-75.123664,5.79,7.12,7.2,
1.33E+17,11/15/2023 18:59,40.0167691,-75.1237813,5.48,6.87,7.2,
1.33E+17,11/15/2023 19:07,40.0187605,-75.1209692,5.55,6.68,7.2,
1.33E+17,11/15/2023 19:09,40.0192875,-75.119577,6.79,6.61,7.2,
1.33E+17,11/15/2023 18:56,40.0162594,-75.1202311,6.79,6.98,7.19,
1.33E+17,11/15/2023 19:07,40.0186706,-75.1209967,6.26,6.59,7.18,
1.33E+17,11/15/2023 18:52,40.0180781,-75.1187632,6.61,6.88,7.17,
1.33E+17,11/15/2023 18:56,40.016282,-75.1203461,5.9,6.87,7.15,
1.33E+17,11/15/2023 19:07,40.0188586,-75.1209691,6.82,6.65,7.15,
1.33E+17,11/6/2023 20:31,40.0155243,-75.1227133,5.5,4.44,7.14,
1.33E+17,11/6/2023 20:31,40.0156135,-75.1226909,5.7,4.44,7.14,
1.33E+17,11/15/2023 18:59,40.0167638,-75.1235435,5.63,7.26,7.13,
1.33E+17,11/15/2023 18:52,40.0181602,-75.118712,6.53,6.96,7.11,
1.33E+17,11/6/2023 20:31,40.0153392,-75.1227541,5.46,4.49,7.11,
1.33E+17,11/6/2023 20:31,40.0154306,-75.1227347,5.84,4.49,7.11,
1.33E+17,11/6/2023 20:31,40.0157077,-75.1226706,5.58,4.46,7.1,
1.33E+17,11/6/2023 20:31,40.0157969,-75.1226378,5.83,4.46,7.1,
1.33E+17,11/15/2023 19:07,40.0189506,-75.1209547,6.29,6.58,7.07,
1.33E+17,11/15/2023 18:52,40.0182498,-75.1186808,6.56,6.86,7.06,
1.33E+17,11/15/2023 18:56,40.0162923,-75.1204667,5.25,6.68,7.06,
1.33E+17,11/6/2023 20:31,40.0158857,-75.1226102,5.75,4.62,7.06,
1.33E+17,11/6/2023 20:31,40.0159767,-75.1225864,5.55,4.62,7.06,
1.33E+17,11/6/2023 20:32,40.0162541,-75.1225578,5.72,4.3,7.06,
1.33E+17,11/6/2023 20:32,40.0163447,-75.1225369,5.84,4.3,7.06,
1.33E+17,11/6/2023 20:32,40.0164374,-75.1225238,5.78,4.16,7.05,
1.33E+17,11/6/2023 20:32,40.0165303,-75.1225028,6.65,4.16,7.05,
1.33E+17,11/6/2023 20:35,40.0170893,-75.1209363,5.4,4.18,7.04,
1.33E+17,11/6/2023 20:35,40.0171206,-75.1208258,5.48,4.18,7.04,
1.33E+17,11/15/2023 18:56,40.0163189,-75.1205823,6.63,6.65,7.03,
1.33E+17,11/15/2023 18:56,40.0163435,-75.1207024,6.65,6.72,7.02,
1.33E+17,11/15/2023 19:07,40.0191392,-75.1209156,6.48,7.18,7.02,
1.33E+17,11/15/2023 19:09,40.0193024,-75.1193458,6.68,6.58,7.02,
1.33E+17,11/15/2023 19:09,40.0192172,-75.1191297,6.14,7.16,7.02,
1.33E+17,11/6/2023 20:30,40.0151688,-75.1228539,5.49,4.33,7.02,
1.33E+17,11/6/2023 20:30,40.015241,-75.1227772,5.29,4.33,7.02,
1.33E+17,11/15/2023 18:52,40.018341,-75.1186685,6.78,6.77,7.01,
1.33E+17,11/13/2023 20:16,40.0180408,-75.121982,5.64,6.2,7.01,
1.33E+17,11/6/2023 20:32,40.016067,-75.122575,5.59,4.27,7,
1.33E+17,11/6/2023 20:32,40.0161643,-75.1225683,5.65,4.27,7,
1.33E+17,11/6/2023 20:32,40.0166222,-75.1225404,6.84,4.26,7,
1.33E+17,11/6/2023 20:32,40.016664,-75.1226496,6.94,4.26,7,
1.33E+17,11/13/2023 20:16,40.0180271,-75.1218641,5.89,6.3,7,
1.33E+17,11/15/2023 18:52,40.0185292,-75.1186615,6.47,6.81,6.99,
1.33E+17,11/15/2023 18:52,40.0184333,-75.1186745,6.96,6.73,6.99,
1.33E+17,11/15/2023 18:56,40.0163698,-75.1208225,6.56,6.72,6.99,
1.33E+17,11/15/2023 19:07,40.0190494,-75.1209333,5.05,6.75,6.99,
1.33E+17,11/15/2023 19:07,40.019231,-75.1208923,6.73,7.25,6.99,
1.33E+17,11/15/2023 19:09,40.0192699,-75.1192359,8.89,6.75,6.99,
1.33E+17,11/13/2023 20:10,40.019392,-75.1197043,12.3,6.86,6.99,
1.33E+17,11/6/2023 20:30,40.015143,-75.1229773,5.83,4.38,6.98,
1.33E+17,11/13/2023 20:09,40.0193691,-75.1195918,4.36,5.81,6.98,
1.33E+17,11/15/2023 18:52,40.0186204,-75.1186404,6.63,6.85,6.97,
1.33E+17,11/15/2023 18:59,40.0167178,-75.1234421,5.72,7.22,6.97,
1.33E+17,11/6/2023 20:32,40.0166647,-75.1227705,6.61,4.18,6.96,
1.33E+17,11/15/2023 18:59,40.0166884,-75.1232008,5.65,6.79,6.95,
1.33E+17,11/15/2023 18:56,40.0163887,-75.1209465,6.65,6.97,6.94,
1.33E+17,11/15/2023 18:59,40.0167067,-75.123321,5.62,7.09,6.94,
1.33E+17,11/13/2023 20:10,40.0193888,-75.119825,9.1,6.98,6.94,
1.33E+17,11/15/2023 18:51,40.01871,-75.1186143,6.84,7.17,6.93,
1.33E+17,11/6/2023 20:33,40.0166728,-75.122652,5.36,4.06,6.93,
1.33E+17,11/6/2023 20:33,40.0166863,-75.1225274,6.05,4.06,6.93,
1.33E+17,11/6/2023 20:33,40.0166432,-75.12241,5.87,3.99,6.93,
1.33E+17,11/6/2023 20:33,40.0165931,-75.1223063,6.01,3.99,6.93,
1.33E+17,11/13/2023 20:16,40.0180105,-75.1217417,5.78,6.13,6.93,
1.33E+17,11/6/2023 20:30,40.0150495,-75.1225244,5.55,4.38,6.92,
1.33E+17,11/6/2023 20:30,40.0150763,-75.1226373,5.67,4.38,6.92,
1.33E+17,11/13/2023 20:20,40.0175327,-75.1198559,8.16,6.27,6.92,
1.33E+17,11/15/2023 18:58,40.0166853,-75.123078,6.7,6.67,6.91,
1.33E+17,11/13/2023 20:16,40.0180049,-75.1218624,5.64,6.49,6.91,
1.33E+17,11/6/2023 20:30,40.0150871,-75.1227545,5.61,4.2,6.9,
1.33E+17,11/6/2023 20:30,40.0151,-75.1228714,8.21,4.2,6.9,
1.33E+17,11/13/2023 20:15,40.0180519,-75.1216333,5.79,5.95,6.9,
1.33E+17,11/13/2023 20:16,40.0179963,-75.1217458,5.84,6.58,6.9,
1.33E+17,11/13/2023 20:16,40.0179838,-75.1216268,6.16,6.72,6.89,
1.33E+17,11/13/2023 20:20,40.0175686,-75.1197406,6.34,6.32,6.89,
1.33E+17,11/13/2023 20:19,40.0176399,-75.1195185,5.35,6.49,6.88,
1.33E+17,11/13/2023 20:20,40.0175949,-75.1196223,5.52,6.57,6.88,
1.33E+17,11/15/2023 18:56,40.0164066,-75.1210682,6.78,6.7,6.86,
1.33E+17,11/6/2023 20:33,40.0165637,-75.1219373,5.97,4.22,6.86,
1.33E+17,11/6/2023 20:34,40.0165445,-75.1218182,6.12,4.22,6.86,
1.33E+17,11/6/2023 20:35,40.0170041,-75.1211524,4.93,4.11,6.86,
1.33E+17,11/6/2023 20:35,40.0170427,-75.1210433,5.55,4.11,6.86,
1.33E+17,11/13/2023 20:19,40.0177279,-75.1194848,9.22,6.71,6.86,
1.33E+17,11/13/2023 20:14,40.0186059,-75.1210406,5.42,5.68,6.85,
1.33E+17,11/13/2023 20:17,40.0180165,-75.1214931,5.32,6.56,6.85,
1.33E+17,11/15/2023 18:58,40.0166772,-75.1229583,6.87,6.47,6.84,
1.33E+17,11/6/2023 20:33,40.0165777,-75.1221852,5.85,4.01,6.84,
1.33E+17,11/6/2023 20:33,40.0165644,-75.1220621,5.74,4.01,6.84,
1.33E+17,11/13/2023 20:14,40.0185098,-75.1210293,6.02,5.62,6.84,
1.33E+17,11/13/2023 20:15,40.0182348,-75.1210945,5.5,5.88,6.84,
1.33E+17,11/15/2023 18:57,40.0164165,-75.1211942,6.29,6.73,6.83,
1.33E+17,11/15/2023 18:51,40.0188,-75.1186021,6.64,7.08,6.82,
1.33E+17,11/6/2023 20:29,40.0150246,-75.1222743,8.02,4.25,6.82,
1.33E+17,11/6/2023 20:29,40.0150352,-75.1223956,8.33,4.25,6.82,
1.33E+17,11/13/2023 20:15,40.018325,-75.1210782,6.08,5.41,6.82,
1.33E+17,11/13/2023 20:15,40.018109,-75.1215382,5.84,5.77,6.82,
1.33E+17,11/13/2023 20:17,40.018073,-75.1215859,5.78,6.53,6.82,
1.33E+17,11/13/2023 20:21,40.0168736,-75.1205229,5.75,6.79,6.82,
1.33E+17,11/13/2023 20:21,40.0167927,-75.1205827,5.29,6.57,6.82,
1.33E+17,11/6/2023 20:34,40.0165166,-75.1216986,5.31,4.32,6.81,
1.33E+17,11/6/2023 20:34,40.016502,-75.1215714,5.46,4.32,6.81,
1.33E+17,11/15/2023 18:58,40.0166665,-75.1228285,6.91,6.34,6.8,
1.33E+17,11/13/2023 20:11,40.0194096,-75.1199399,5.09,6.67,6.8,
1.33E+17,11/13/2023 20:14,40.0187879,-75.1210081,6.39,5.98,6.8,
1.33E+17,11/13/2023 20:15,40.0181793,-75.1211942,5.78,5.77,6.8,
1.33E+17,11/13/2023 20:19,40.0177378,-75.1196013,8,6.71,6.8,
1.33E+17,11/6/2023 20:34,40.0169172,-75.1213637,6.68,4.16,6.79,
1.33E+17,11/6/2023 20:35,40.0169672,-75.1212618,6.08,4.16,6.79,
1.33E+17,11/13/2023 20:15,40.0181251,-75.1214225,5.65,5.72,6.79,
1.33E+17,11/15/2023 18:57,40.0164285,-75.1213106,5.28,6.63,6.77,
1.33E+17,11/13/2023 20:14,40.018422,-75.1210614,5.48,5.51,6.77,
1.33E+17,11/13/2023 20:17,40.0179599,-75.1213992,5.91,6.31,6.77,
1.33E+17,11/6/2023 20:34,40.0165454,-75.121464,6.28,4.25,6.75,
1.33E+17,11/6/2023 20:34,40.01664,-75.1214351,6.81,4.25,6.75,
1.33E+17,11/6/2023 20:34,40.0167307,-75.1214134,6.74,4.22,6.75,
1.33E+17,11/6/2023 20:34,40.0168262,-75.121396,7,4.22,6.75,
1.33E+17,11/13/2023 20:13,40.0188799,-75.1210015,6.59,5.75,6.75,
1.33E+17,11/13/2023 20:14,40.0186963,-75.1210296,5.62,5.94,6.75,
1.33E+17,11/13/2023 20:15,40.018145,-75.1213045,5.68,5.72,6.75,
1.33E+17,11/13/2023 20:17,40.0179405,-75.1212773,5.64,6.33,6.75,
1.33E+17,11/15/2023 18:51,40.0188941,-75.1185947,6.61,7.04,6.74,
1.33E+17,11/6/2023 20:29,40.0150096,-75.1220321,5.58,4.34,6.74,
1.33E+17,11/6/2023 20:29,40.0150078,-75.1221565,5.8,4.34,6.74,
1.33E+17,11/13/2023 20:12,40.0194892,-75.120641,5.53,6.3,6.74,
1.33E+17,11/13/2023 20:11,40.0194188,-75.1200572,8.98,6.94,6.73,
1.33E+17,11/13/2023 20:12,40.0194538,-75.1204038,6.14,6.44,6.73,
1.33E+17,11/13/2023 20:21,40.0169459,-75.1204438,9.26,6.58,6.73,
1.33E+17,11/13/2023 20:12,40.0194797,-75.1205169,5.58,6.28,6.72,
1.33E+17,11/15/2023 18:58,40.0166137,-75.1226058,5.53,6.46,6.71,
1.33E+17,11/15/2023 18:57,40.0164214,-75.1214285,5.5,6.61,6.7,
1.33E+17,11/15/2023 18:58,40.016566,-75.1225064,5.76,6.34,6.7,
1.33E+17,11/13/2023 20:13,40.0189696,-75.1209823,5.04,5.75,6.7,
1.33E+17,11/13/2023 20:19,40.0177394,-75.1197254,6.46,6.54,6.7,
1.33E+17,11/13/2023 20:21,40.0170801,-75.1202675,7.03,7,6.7,
1.33E+17,11/15/2023 18:51,40.0189867,-75.1185961,7.03,6.99,6.69,
1.33E+17,11/15/2023 18:58,40.0166521,-75.1227128,6.11,6.43,6.69,
1.33E+17,11/6/2023 20:28,40.0147296,-75.121918,5.51,4.28,6.69,
1.33E+17,11/6/2023 20:28,40.014823,-75.121879,6.9,4.28,6.69,
1.33E+17,11/13/2023 20:11,40.0194517,-75.1201663,5.57,6.78,6.69,
1.33E+17,11/15/2023 18:58,40.0165443,-75.1223881,6.27,6.56,6.68,
1.33E+17,11/6/2023 20:23,40.0175451,-75.1212635,6.48,3.96,6.68,
1.33E+17,11/6/2023 20:24,40.017451,-75.1212778,6.71,3.96,6.68,
1.33E+17,11/13/2023 20:12,40.0194953,-75.1207618,8.29,6.4,6.68,
1.33E+17,11/13/2023 20:13,40.0190605,-75.1209509,4.99,5.9,6.68,
1.33E+17,11/13/2023 20:12,40.019438,-75.1208543,5.53,6.33,6.67,
1.33E+17,11/13/2023 20:19,40.0177879,-75.119957,5.84,6.97,6.67,
1.33E+17,11/13/2023 20:21,40.0170104,-75.120354,9.14,6.83,6.67,
1.33E+17,11/13/2023 20:19,40.017754,-75.1198423,5.66,6.9,6.66,
1.33E+17,11/6/2023 20:24,40.0173592,-75.1212908,6.77,4.14,6.65,
1.33E+17,11/6/2023 20:24,40.0172677,-75.1213094,6.59,4.14,6.65,
1.33E+17,11/6/2023 20:26,40.0157621,-75.1216194,6.83,4.2,6.65,
1.33E+17,11/6/2023 20:26,40.015674,-75.121657,6.63,4.2,6.65,
1.33E+17,11/13/2023 20:12,40.0194658,-75.1202859,5.8,6.52,6.65,
1.33E+17,11/15/2023 18:57,40.0164507,-75.1215406,5.9,6.46,6.64,
1.33E+17,11/6/2023 20:28,40.0145546,-75.1219892,5.87,3.99,6.64,
1.33E+17,11/6/2023 20:28,40.0146393,-75.1219412,5.76,3.99,6.64,
1.33E+17,11/6/2023 20:29,40.0149144,-75.1218706,6.01,4.46,6.64,
1.33E+17,11/6/2023 20:29,40.0150005,-75.1219134,6.52,4.46,6.64,
1.33E+17,11/13/2023 20:19,40.0178095,-75.1200755,5.56,6.72,6.63,
1.33E+17,11/13/2023 20:21,40.0171711,-75.1202449,10.8,6.72,6.63,
1.33E+17,11/6/2023 20:24,40.0171786,-75.1213387,6.61,4.17,6.62,
1.33E+17,11/6/2023 20:24,40.0170874,-75.1213554,6.63,4.17,6.62,
1.33E+17,11/15/2023 18:58,40.0165342,-75.1222643,6.02,6.2,6.61,
1.33E+17,11/6/2023 20:25,40.0159581,-75.1216079,6.74,4.1,6.61,
1.33E+17,11/6/2023 20:26,40.0158612,-75.121601,6.72,4.1,6.61,
1.33E+17,11/6/2023 20:26,40.015393,-75.1217399,6.64,4.17,6.61,
1.33E+17,11/6/2023 20:26,40.0153007,-75.1217572,6.45,4.17,6.61,
1.33E+17,11/13/2023 20:17,40.0179134,-75.1211618,5.84,6.16,6.61,
1.33E+17,11/6/2023 20:24,40.0169955,-75.1213842,6.74,4.15,6.6,
1.33E+17,11/6/2023 20:24,40.016903,-75.1213907,6.24,4.14,6.6,
1.33E+17,11/6/2023 20:24,40.0168065,-75.121424,6.38,4.14,6.6,
1.33E+17,11/6/2023 20:25,40.0167132,-75.1214464,5.76,3.91,6.6,
1.33E+17,11/6/2023 20:25,40.0166195,-75.1214608,5.89,3.91,6.6,
1.33E+17,11/13/2023 20:13,40.0193536,-75.1209027,5.63,6.1,6.6,
1.33E+17,11/15/2023 18:51,40.0190799,-75.1185831,3.79,6.7,6.59,
1.33E+17,11/13/2023 20:18,40.0178289,-75.1201904,5.71,6.47,6.59,
1.33E+17,11/6/2023 20:26,40.0155827,-75.1216811,6.64,4.12,6.58,
1.33E+17,11/6/2023 20:26,40.0154899,-75.1217172,6.69,4.12,6.58,
1.33E+17,11/6/2023 20:23,40.0177284,-75.121224,6.66,3.73,6.56,
1.33E+17,11/6/2023 20:23,40.0176363,-75.1212465,6.77,3.73,6.56,
1.33E+17,11/6/2023 20:25,40.0165277,-75.1214889,6.17,3.91,6.56,
1.33E+17,11/6/2023 20:25,40.016433,-75.1215163,6.8,3.91,6.56,
1.33E+17,11/6/2023 20:25,40.0163423,-75.1215307,6.66,4.01,6.55,
1.33E+17,11/6/2023 20:25,40.0162481,-75.1215455,7.02,4.01,6.55,
1.33E+17,11/6/2023 20:26,40.0152093,-75.1217612,6.63,4.21,6.55,
1.33E+17,11/6/2023 20:26,40.0151176,-75.1217726,6.65,4.21,6.55,
1.33E+17,11/13/2023 20:13,40.0191601,-75.1209316,4.84,6,6.55,
1.33E+17,11/6/2023 20:25,40.0161542,-75.121566,6.69,4,6.54,
1.33E+17,11/6/2023 20:25,40.016058,-75.1215876,6.7,4,6.54,
1.33E+17,11/6/2023 20:27,40.0150273,-75.1217958,6.41,4.23,6.54,
1.33E+17,11/6/2023 20:27,40.0149318,-75.1218107,7.05,4.23,6.54,
1.33E+17,11/13/2023 20:20,40.0174135,-75.1200549,10.5,6.39,6.54,
1.33E+17,11/15/2023 18:57,40.0164739,-75.1216597,5.63,6.24,6.53,
1.33E+17,11/15/2023 18:57,40.0164845,-75.1220264,5.82,6.27,6.53,
1.33E+17,11/6/2023 20:28,40.0143745,-75.1219525,10.8,4.01,6.53,
1.33E+17,11/6/2023 20:28,40.0144637,-75.1219836,9.64,4.01,6.53,
1.33E+17,11/13/2023 20:17,40.0178967,-75.1210448,5.92,6.24,6.53,
1.33E+17,11/15/2023 18:57,40.0165141,-75.1221449,5.84,6.17,6.52,
1.33E+17,11/13/2023 20:18,40.0178945,-75.1209193,5.96,6.32,6.52,
1.33E+17,11/13/2023 20:18,40.0178496,-75.1205614,5.86,6.36,6.52,
1.33E+17,11/13/2023 20:20,40.0174783,-75.1199599,8.64,6.35,6.52,
1.33E+17,11/13/2023 20:18,40.0178489,-75.1204377,5.95,6.39,6.51,
1.33E+17,11/6/2023 20:27,40.0148355,-75.1218126,6.64,4.23,6.5,
1.33E+17,11/6/2023 20:27,40.0147445,-75.121823,5.58,4.23,6.5,
1.33E+17,11/13/2023 20:21,40.017263,-75.1201878,9.8,6.43,6.5,
1.33E+17,11/15/2023 18:57,40.0164802,-75.1217827,5.84,6.27,6.49,
1.33E+17,11/15/2023 18:57,40.0164877,-75.1219045,6.09,6.17,6.49,
1.33E+17,11/6/2023 20:27,40.0146519,-75.1218486,8.63,4.07,6.49,
1.33E+17,11/6/2023 20:27,40.0145632,-75.1218772,10.4,4.07,6.49,
1.33E+17,11/13/2023 20:18,40.0178845,-75.1208007,6.07,6.39,6.48,
1.33E+17,11/13/2023 20:18,40.0178624,-75.1206787,5.85,6.42,6.48,
1.33E+17,11/6/2023 20:27,40.014469,-75.1219007,11.1,4.24,6.47,
1.33E+17,11/6/2023 20:27,40.0143736,-75.1219059,11,4.24,6.47,
1.33E+17,11/13/2023 20:18,40.0178484,-75.120313,5.59,6.4,6.47,
1.33E+17,11/13/2023 20:20,40.0173394,-75.1201228,7.39,6.39,6.46,
1.33E+17,11/6/2023 20:23,40.0179121,-75.1211563,6.63,3.63,6.45,
1.33E+17,11/6/2023 20:23,40.0178241,-75.1211929,6.78,3.63,6.45,
1.33E+17,11/13/2023 20:13,40.0192528,-75.1209137,5.04,5.97,6.45,
1.33E+17,11/6/2023 20:28,40.014284,-75.1219411,10.9,4.28,6.44,
1.33E+17,11/15/2023 18:51,40.0191319,-75.1186996,12.2,6.7,6.39,
1.33E+17,11/6/2023 20:23,40.018095,-75.1211016,6.8,3.53,6.29,
1.33E+17,11/6/2023 20:23,40.0180004,-75.1211251,6.36,3.53,6.29,
1.33E+17,11/15/2023 18:51,40.0191367,-75.1188206,11.9,6.68,6.27,
1.33E+17,11/15/2023 18:51,40.019151,-75.118941,10.9,6.48,6.18,
1.33E+17,11/15/2023 18:50,40.0191748,-75.119057,10.8,6.41,6.16,
1.33E+17,11/6/2023 20:23,40.0182803,-75.1210679,6.51,3.35,6.13,
1.33E+17,11/6/2023 20:23,40.0181857,-75.1210836,6.76,3.35,6.13,
1.33E+17,11/15/2023 18:50,40.0191807,-75.1191775,10.4,6.3,6.11,
1.33E+17,11/15/2023 18:50,40.0191944,-75.1192972,9.35,6.16,6.1,
1.33E+17,11/15/2023 18:50,40.0192044,-75.1194217,8.17,6.18,5.97,
1.33E+17,11/15/2023 18:50,40.0192476,-75.1195297,8.55,6.2,5.93,
1.33E+17,11/6/2023 20:22,40.0184706,-75.1210357,6.53,3.11,5.89,
1.33E+17,11/6/2023 20:22,40.0183774,-75.1210471,6.97,3.11,5.89,
1.33E+17,11/15/2023 18:50,40.0193394,-75.1194882,7.56,6.15,5.8,
1.33E+17,11/6/2023 20:22,40.018659,-75.1210095,6.69,3.3,5.8,
1.33E+17,11/6/2023 20:22,40.0185636,-75.1210182,6.78,3.3,5.8,
1.33E+17,11/15/2023 18:50,40.0193049,-75.1193774,10.3,5.99,5.69,
1.33E+17,11/6/2023 20:22,40.0188484,-75.1209924,6.61,3.21,5.63,
1.33E+17,11/6/2023 20:22,40.0187515,-75.120998,6.82,3.21,5.63,
1.33E+17,11/15/2023 18:50,40.0192832,-75.1192134,11.8,5.8,5.61,
1.33E+17,11/15/2023 18:50,40.0192897,-75.1192604,10.6,5.8,5.59,
1.33E+17,11/6/2023 20:22,40.0190394,-75.1209571,6.57,3.29,5.47,
1.33E+17,11/6/2023 20:22,40.0189424,-75.12097,6.47,3.29,5.47,
1.33E+17,11/15/2023 19:12,40.0190443,-75.1176491,4.3,6.28,5.39,
1.33E+17,11/15/2023 19:12,40.0190443,-75.1176491,4.3,6.28,5.39,
1.33E+17,11/6/2023 20:21,40.0192299,-75.1209505,6.38,3.17,5.28,
1.33E+17,11/6/2023 20:22,40.0191322,-75.1209602,6.33,3.17,5.28,
1.33E+17,11/17/2023 18:19,40.0146331,-75.1201413,6.62,5.98,5.27,
1.33E+17,11/17/2023 18:17,40.0136425,-75.1219099,10.6,5.81,5.2,
1.33E+17,11/17/2023 18:19,40.0145772,-75.120245,6.77,5.86,5.2,
1.33E+17,11/17/2023 18:19,40.0146873,-75.1200397,6.73,6.04,5.2,
1.33E+17,11/17/2023 18:17,40.0137328,-75.1218743,6.47,6.16,5.17,
1.33E+17,11/17/2023 18:19,40.0147478,-75.1199491,6.9,6.1,5.15,
1.33E+17,11/17/2023 18:16,40.0135492,-75.1219665,8.64,5.72,5.13,
1.33E+17,11/17/2023 18:19,40.0145226,-75.120353,6.78,5.72,5.13,
1.33E+17,11/17/2023 18:17,40.0138427,-75.1216749,6.63,5.9,5.12,
1.33E+17,11/17/2023 18:19,40.0148041,-75.1198457,6.93,5.98,5.12,
1.33E+17,11/6/2023 20:21,40.0194059,-75.1208836,6.52,3.04,5.11,
1.33E+17,11/6/2023 20:21,40.0193185,-75.1209282,6.6,3.04,5.11,
1.33E+17,11/17/2023 18:17,40.0137953,-75.1217817,5.39,6.05,5.1,
1.33E+17,11/17/2023 18:19,40.0148506,-75.1197378,6.6,5.89,5.08,
1.33E+17,11/17/2023 18:16,40.0134695,-75.1219107,5.26,5.59,5.07,
1.33E+17,11/17/2023 18:16,40.0133932,-75.1218467,6.91,5.55,5.05,
1.33E+17,11/17/2023 18:19,40.0144717,-75.120451,6.67,5.58,5.05,
1.33E+17,11/15/2023 19:12,40.018929,-75.1165568,5.86,6.1,5.03,
1.33E+17,11/15/2023 19:13,40.0187973,-75.1164805,4.24,6.1,5.03,
1.33E+17,11/15/2023 19:13,40.0186842,-75.1164897,3.91,6.1,5.03,
1.33E+17,11/15/2023 19:13,40.0185446,-75.1165123,3.91,6.1,5.03,
1.33E+17,11/15/2023 19:13,40.0183698,-75.1165308,4.12,6.1,5.03,
1.33E+17,11/15/2023 19:13,40.0181933,-75.1165551,4.43,6.1,5.03,
1.33E+17,11/15/2023 19:13,40.0180181,-75.1165748,4.91,6.1,5.03,
1.33E+17,11/15/2023 19:13,40.0178629,-75.1166146,5.23,6.1,5.03,
1.33E+17,11/15/2023 19:13,40.0177101,-75.1166387,5.52,6.1,5.03,
1.33E+17,11/15/2023 19:13,40.0175941,-75.1166518,5.64,6.1,5.03,
1.33E+17,11/15/2023 19:12,40.018929,-75.1165568,5.86,6.1,5.03,
1.33E+17,11/15/2023 19:13,40.0187973,-75.1164805,4.24,6.1,5.03,
1.33E+17,11/15/2023 19:13,40.0186842,-75.1164897,3.91,6.1,5.03,
1.33E+17,11/15/2023 19:13,40.0185446,-75.1165123,3.91,6.1,5.03,
1.33E+17,11/15/2023 19:13,40.0183698,-75.1165308,4.12,6.1,5.03,
1.33E+17,11/15/2023 19:13,40.0181933,-75.1165551,4.43,6.1,5.03,
1.33E+17,11/15/2023 19:13,40.0180181,-75.1165748,4.91,6.1,5.03,
1.33E+17,11/15/2023 19:13,40.0178629,-75.1166146,5.23,6.1,5.03,
1.33E+17,11/15/2023 19:13,40.0177101,-75.1166387,5.52,6.1,5.03,
1.33E+17,11/15/2023 19:13,40.0175941,-75.1166518,5.64,6.1,5.03,
1.33E+17,11/17/2023 18:17,40.0138903,-75.1215751,6.88,5.9,5.03,
1.33E+17,11/6/2023 20:21,40.0194387,-75.1206519,5.85,3.35,5.02,
1.33E+17,11/6/2023 20:21,40.0194491,-75.1207763,6.3,3.35,5.02,
1.33E+17,11/6/2023 20:21,40.0193892,-75.1204234,5.02,3.31,5.01,
1.33E+17,11/6/2023 20:21,40.0194292,-75.1205306,6.32,3.31,5.01,
1.33E+17,11/17/2023 18:16,40.0132993,-75.1218381,5.42,5.3,4.99,
1.33E+17,11/17/2023 18:19,40.0148724,-75.1196138,6.38,5.89,4.97,
1.33E+17,11/17/2023 18:05,40.0153513,-75.1179695,7.38,5.63,4.96,
1.33E+17,11/17/2023 18:16,40.0132198,-75.1217818,9.53,5.21,4.96,
1.33E+17,11/17/2023 18:05,40.0154367,-75.1179128,5.61,5.72,4.94,
1.33E+17,11/17/2023 18:16,40.0132257,-75.1216564,10.9,5.09,4.94,
1.33E+17,11/17/2023 18:05,40.0151885,-75.1180977,5.76,5.52,4.93,
1.33E+17,11/17/2023 18:17,40.013952,-75.1214739,6.91,5.86,4.93,
1.33E+17,11/17/2023 18:05,40.015261,-75.1180281,5.83,5.43,4.9,
1.33E+17,11/17/2023 18:17,40.014003,-75.1213723,6.78,5.77,4.89,
1.33E+17,11/17/2023 18:20,40.0149318,-75.119525,8.33,5.78,4.89,
1.33E+17,11/6/2023 20:21,40.0193452,-75.1201904,5.7,3.33,4.88,
1.33E+17,11/6/2023 20:21,40.0193573,-75.1203121,5.39,3.33,4.88,
1.33E+17,11/17/2023 18:16,40.0132359,-75.1215324,11.1,4.97,4.88,
1.33E+17,11/17/2023 18:20,40.0150141,-75.1194553,6.51,5.73,4.88,
1.33E+17,11/17/2023 18:05,40.0155234,-75.1178517,5.32,5.47,4.86,
1.33E+17,11/17/2023 18:05,40.0151043,-75.1181569,8.94,5.41,4.86,
1.33E+17,11/17/2023 18:18,40.014058,-75.121274,6.88,5.65,4.84,
1.33E+17,11/17/2023 18:20,40.0150586,-75.1193423,6.25,5.74,4.8,
1.33E+17,11/17/2023 18:04,40.0156877,-75.1179669,6.84,5.48,4.79,
1.33E+17,11/17/2023 18:06,40.015023,-75.1182133,10.5,5.47,4.79,
1.33E+17,11/17/2023 18:18,40.0141102,-75.121171,6.86,5.73,4.79,
1.33E+17,11/6/2023 20:20,40.0193561,-75.1200661,6.41,3.22,4.78,
1.33E+17,11/17/2023 18:06,40.0149346,-75.118248,11.2,5.59,4.78,
1.33E+17,11/17/2023 18:05,40.0156029,-75.117914,6.33,5.49,4.76,
1.33E+17,11/17/2023 18:06,40.0148579,-75.1183303,8.03,5.66,4.75,
1.33E+17,11/17/2023 18:16,40.0131997,-75.1214197,11.3,4.56,4.75,
1.33E+17,11/17/2023 18:20,40.0151018,-75.1192303,5.75,5.82,4.75,
1.33E+17,11/17/2023 18:18,40.0141658,-75.1210704,6.7,5.82,4.74,
1.33E+17,11/17/2023 18:18,40.0142121,-75.1209644,6.71,5.66,4.73,
1.33E+17,11/17/2023 18:20,40.0151378,-75.1191181,5.89,5.66,4.73,
1.33E+17,11/17/2023 18:04,40.0158282,-75.1178161,7.44,4.95,4.71,
1.33E+17,11/17/2023 18:04,40.0157724,-75.1179126,6.85,5.13,4.71,
1.33E+17,11/17/2023 18:06,40.0147813,-75.1183997,6.68,5.61,4.71,
1.33E+17,11/17/2023 18:18,40.0143204,-75.1207638,7.02,5.76,4.71,
1.33E+17,11/17/2023 18:15,40.0131365,-75.121328,10.3,4.52,4.7,
1.33E+17,11/17/2023 18:18,40.0142664,-75.1208682,6.67,5.59,4.69,
1.33E+17,11/17/2023 18:20,40.0151738,-75.1189927,8.47,5.59,4.69,
1.33E+17,11/17/2023 18:18,40.0143701,-75.1206565,6.74,5.79,4.68,
1.33E+17,11/17/2023 18:20,40.01525,-75.1189143,6.28,5.75,4.68,
1.33E+17,11/17/2023 18:06,40.0147105,-75.1184841,6.97,5.58,4.65,
1.33E+17,11/17/2023 18:15,40.0131262,-75.1212038,7.13,4.56,4.64,
1.33E+17,11/17/2023 18:20,40.015314,-75.1188198,8.4,5.6,4.64,
1.33E+17,11/17/2023 18:21,40.0153601,-75.118706,7.02,5.62,4.64,
1.33E+17,11/17/2023 18:04,40.0160526,-75.1178029,8.44,4.78,4.63,
1.33E+17,11/17/2023 18:15,40.0131326,-75.1210844,5.64,4.49,4.63,
1.33E+17,11/17/2023 18:04,40.0158918,-75.1177198,10.7,5.08,4.62,
1.33E+17,11/17/2023 18:18,40.0144212,-75.1205583,6.65,5.6,4.62,
1.33E+17,11/17/2023 18:15,40.0131212,-75.1209623,5.79,4.52,4.61,
1.33E+17,11/17/2023 18:15,40.0131259,-75.1208366,5.55,4.53,4.6,
1.33E+17,11/17/2023 18:04,40.0159848,-75.1177199,10.6,4.79,4.59,
1.33E+17,11/17/2023 18:04,40.0160955,-75.1179067,10.1,4.67,4.57,
1.33E+17,11/17/2023 18:15,40.0131093,-75.1207106,5.79,4.52,4.56,
1.33E+17,11/17/2023 18:15,40.0130723,-75.1205923,9.44,4.73,4.55,
1.33E+17,11/17/2023 18:04,40.0160669,-75.1177865,8.7,4.51,4.54,
1.33E+17,11/15/2023 19:14,40.017387,-75.1174536,4.44,5.63,4.52,
1.33E+17,11/17/2023 18:04,40.0159805,-75.1177369,8.09,4.61,4.52,
1.33E+17,11/17/2023 18:14,40.0130092,-75.1202252,5.83,4.53,4.51,
1.33E+17,11/17/2023 18:15,40.0130511,-75.1204733,7.57,4.61,4.51,
1.33E+17,11/17/2023 18:06,40.0146309,-75.1185449,6.89,5.46,4.5,
1.33E+17,11/17/2023 18:14,40.0129982,-75.1201013,5.29,4.47,4.5,
1.33E+17,11/17/2023 18:14,40.0130306,-75.1203435,5.81,4.53,4.5,
1.33E+17,11/6/2023 20:20,40.0193141,-75.1198319,5.63,3.13,4.43,
1.33E+17,11/6/2023 20:20,40.0193423,-75.1199475,5.9,3.13,4.43,
1.33E+17,11/17/2023 18:06,40.0145471,-75.1186023,6.65,5.43,4.43,
1.33E+17,11/17/2023 18:14,40.0129787,-75.1199794,5.68,4.33,4.43,
1.33E+17,11/17/2023 18:06,40.014465,-75.1186542,6.82,5.41,4.41,
1.33E+17,11/17/2023 18:07,40.0142787,-75.1187476,6.3,5.36,4.41,
1.33E+17,11/17/2023 18:03,40.0159085,-75.1176641,5.6,4.49,4.39,
1.33E+17,11/17/2023 18:06,40.0143696,-75.1187011,6.72,5.29,4.39,
1.33E+17,11/17/2023 18:07,40.0141935,-75.1187956,5.15,5.29,4.39,
1.33E+17,11/17/2023 18:14,40.0129909,-75.1198577,5.9,4.31,4.39,
1.33E+17,11/17/2023 18:07,40.0141244,-75.1188759,6.6,5.2,4.38,
1.33E+17,11/17/2023 18:14,40.0129781,-75.1197331,5.55,4.31,4.34,
1.33E+17,11/17/2023 18:07,40.0140486,-75.1189442,6.63,5.18,4.33,
1.33E+17,11/17/2023 18:07,40.0139674,-75.119006,6.72,5.21,4.33,
1.33E+17,11/17/2023 18:03,40.0158485,-75.1177626,5.74,4.44,4.32,
1.33E+17,11/17/2023 18:07,40.0138753,-75.1190478,5.18,5.14,4.31,
1.33E+17,11/6/2023 20:20,40.0192939,-75.1195928,8.78,3.07,4.29,
1.33E+17,11/6/2023 20:20,40.019291,-75.1197136,7.97,3.07,4.29,
1.33E+17,11/17/2023 18:07,40.0137855,-75.1190973,6.23,5.05,4.29,
1.33E+17,11/17/2023 18:03,40.0158017,-75.1178627,5.5,4.4,4.27,
1.33E+17,11/17/2023 18:07,40.0137012,-75.119143,10.4,5.2,4.27,
1.33E+17,11/17/2023 18:08,40.0136123,-75.1191642,13.1,5.29,4.24,
1.33E+17,11/17/2023 18:03,40.0157427,-75.1179538,5.74,4.32,4.22,
1.33E+17,11/17/2023 18:03,40.015689,-75.1180563,5.74,4.4,4.21,
1.33E+17,11/17/2023 18:08,40.0135182,-75.1191604,11.1,5.15,4.21,
1.33E+17,11/17/2023 18:03,40.0156372,-75.1181595,6,4.4,4.19,
1.33E+17,11/6/2023 20:19,40.0193432,-75.1194944,10.1,3.07,4.17,
1.33E+17,11/17/2023 18:10,40.01312,-75.119637,14.8,5.13,4.16,
1.33E+17,11/17/2023 18:03,40.0155864,-75.118264,6,4.37,4.15,
1.33E+17,11/17/2023 18:08,40.0134617,-75.1192661,11.4,5.06,4.15,
1.33E+17,11/17/2023 18:08,40.0134141,-75.1193676,11.6,4.96,4.14,
1.33E+17,11/17/2023 18:10,40.0130181,-75.119697,12.3,5.06,4.14,
1.33E+17,11/17/2023 18:10,40.0129325,-75.1197336,5.88,4.95,4.13,
1.33E+17,11/15/2023 19:21,40.0166609,-75.1242408,4.64,4.14,4.11,
1.33E+17,11/15/2023 19:21,40.0168058,-75.1242031,4.47,4.14,4.11,
1.33E+17,11/15/2023 19:21,40.0168329,-75.123998,4.81,4.14,4.11,
1.33E+17,11/17/2023 18:02,40.0154632,-75.1184541,8.09,4.05,4.11,
1.33E+17,11/17/2023 18:02,40.015539,-75.1183643,8.59,4.2,4.11,
1.33E+17,11/17/2023 18:08,40.0133612,-75.119485,6.18,4.94,4.11,
1.33E+17,11/17/2023 18:10,40.0128453,-75.1197851,5.43,4.94,4.11,
1.33E+17,11/15/2023 19:21,40.0168109,-75.1238426,4.63,4.13,4.1,
1.33E+17,11/15/2023 19:18,40.0162094,-75.1186731,11.5,3.81,4.09,
1.33E+17,11/15/2023 19:18,40.0163021,-75.11863,11.4,3.81,4.09,
1.33E+17,11/15/2023 19:18,40.0164194,-75.1186146,11.1,3.81,4.09,
1.33E+17,11/15/2023 19:18,40.0165406,-75.1186063,10.7,3.81,4.09,
1.33E+17,11/15/2023 19:18,40.0166476,-75.1185846,10.4,3.81,4.09,
1.33E+17,11/15/2023 19:18,40.0167747,-75.1184658,11.1,3.9,4.09,
1.33E+17,11/15/2023 19:21,40.016396,-75.1241856,4.16,3.9,4.09,
1.33E+17,11/15/2023 19:21,40.0162541,-75.1241801,4.11,3.9,4.09,
1.33E+17,11/15/2023 19:21,40.0162272,-75.1240539,4.82,3.9,4.09,
1.33E+17,11/15/2023 19:21,40.0163349,-75.1241207,5.01,3.9,4.09,
1.33E+17,11/15/2023 19:21,40.016444,-75.124243,4.77,3.9,4.09,
1.33E+17,11/15/2023 19:21,40.0165529,-75.1242411,4.62,3.9,4.09,
1.33E+17,11/15/2023 19:21,40.0167781,-75.1235523,5.55,4.16,4.09,
1.33E+17,11/15/2023 19:21,40.016796,-75.1236894,5.11,4.06,4.08,
1.33E+17,11/17/2023 18:08,40.0132103,-75.1196274,9.5,4.72,4.08,
1.33E+17,11/17/2023 18:11,40.0126827,-75.1199194,6.49,4.72,4.08,
1.33E+17,11/15/2023 19:19,40.0178814,-75.1205149,4.28,4.31,4.07,
1.33E+17,11/17/2023 18:08,40.0132918,-75.1195698,7.29,4.81,4.07,
1.33E+17,11/17/2023 18:10,40.0127632,-75.1198501,5.82,4.8,4.07,
1.33E+17,11/15/2023 19:19,40.0178555,-75.1203479,4.28,4.23,4.06,
1.33E+17,11/15/2023 19:19,40.0179097,-75.1206859,4.28,4.31,4.06,
1.33E+17,11/15/2023 19:21,40.0166241,-75.1233955,5.08,4.31,4.06,
1.33E+17,11/15/2023 19:21,40.0165189,-75.123425,5.03,4.31,4.06,
1.33E+17,11/15/2023 19:22,40.0164108,-75.1234568,5.37,4.31,4.06,
1.33E+17,11/15/2023 19:22,40.0163002,-75.1234859,5.92,4.31,4.06,
1.33E+17,11/15/2023 19:22,40.0161798,-75.1235285,5.91,4.31,4.06,
1.33E+17,11/15/2023 19:22,40.0160688,-75.1235625,5.49,4.31,4.06,
1.33E+17,11/15/2023 19:22,40.0159606,-75.1235981,4.72,4.31,4.06,
1.33E+17,11/15/2023 19:22,40.0158559,-75.1236299,4.31,4.31,4.06,
1.33E+17,11/15/2023 19:22,40.0157571,-75.1236557,4.08,4.31,4.06,
1.33E+17,11/15/2023 19:22,40.0156072,-75.1236803,3.89,4.31,4.06,
1.33E+17,11/15/2023 19:22,40.0154565,-75.1237134,3.79,4.31,4.06,
1.33E+17,11/15/2023 19:19,40.0177576,-75.1195048,3.86,4.23,4.05,
1.33E+17,11/15/2023 19:19,40.0177815,-75.1196812,4.05,4.23,4.05,
1.33E+17,11/15/2023 19:19,40.0178039,-75.1198214,4.26,4.23,4.05,
1.33E+17,11/15/2023 19:19,40.0178121,-75.1199729,4.38,4.23,4.05,
1.33E+17,11/15/2023 19:19,40.0178251,-75.120166,4.29,4.23,4.05,
1.33E+17,11/15/2023 19:21,40.0167198,-75.1234081,5.51,4.14,4.05,
1.33E+17,11/6/2023 20:18,40.0193961,-75.1194426,5.17,2.95,4.03,
1.33E+17,11/6/2023 20:18,40.0193162,-75.1193784,4.41,2.95,4.03,
1.33E+17,11/17/2023 18:02,40.0154138,-75.1185567,9.73,3.99,4.01,
1.33E+17,11/15/2023 19:22,40.0152253,-75.1232182,4.06,4.25,3.99,
1.33E+17,11/15/2023 19:20,40.0180859,-75.1230781,3.79,3.88,3.98,
1.33E+17,11/15/2023 19:20,40.0179632,-75.1231307,3.79,3.88,3.98,
1.33E+17,11/15/2023 19:20,40.0178227,-75.1231548,3.79,3.88,3.98,
1.33E+17,11/15/2023 19:20,40.0176979,-75.1231852,3.79,3.88,3.98,
1.33E+17,11/15/2023 19:20,40.0175831,-75.1231976,3.79,3.88,3.98,
1.33E+17,11/15/2023 19:20,40.0174746,-75.1232188,3.79,3.88,3.98,
1.33E+17,11/15/2023 19:20,40.0173577,-75.1232473,3.79,3.88,3.98,
1.33E+17,11/15/2023 19:20,40.017236,-75.1232824,3.79,3.88,3.98,
1.33E+17,11/15/2023 19:20,40.0171134,-75.1233134,3.79,3.88,3.98,
1.33E+17,11/15/2023 19:20,40.0170003,-75.1233329,3.79,3.88,3.98,
1.33E+17,11/15/2023 19:20,40.0168544,-75.123357,3.79,3.88,3.98,
1.33E+17,11/15/2023 19:20,40.0167804,-75.1234947,3.89,3.88,3.98,
1.33E+17,11/15/2023 19:20,40.0168034,-75.1236351,4.06,3.88,3.98,
1.33E+17,11/15/2023 19:22,40.0153579,-75.1237165,3.79,4.25,3.98,
1.33E+17,11/15/2023 19:22,40.0152273,-75.1236639,3.86,4.25,3.98,
1.33E+17,11/15/2023 19:22,40.0152211,-75.1235182,3.88,4.25,3.98,
1.33E+17,11/15/2023 19:22,40.0152308,-75.1233645,3.93,4.25,3.98,
1.33E+17,11/17/2023 18:11,40.012598,-75.1199641,5.72,4.45,3.98,
1.33E+17,11/17/2023 18:11,40.012266,-75.1202115,6.46,3.96,3.98,
1.33E+17,11/15/2023 19:18,40.0163788,-75.1204937,10.4,3.88,3.97,
1.33E+17,11/15/2023 19:21,40.0164877,-75.1242,4.41,4.25,3.97,
1.33E+17,11/15/2023 19:23,40.0159545,-75.1215736,4.14,4.25,3.97,
1.33E+17,11/15/2023 19:23,40.016057,-75.1215417,4.26,4.25,3.97,
1.33E+17,11/15/2023 19:23,40.0161588,-75.1215202,4.37,4.25,3.97,
1.33E+17,11/15/2023 19:23,40.0162957,-75.1214846,4.6,4.25,3.97,
1.33E+17,11/15/2023 19:23,40.0164103,-75.1214693,4.54,4.25,3.97,
1.33E+17,11/15/2023 19:23,40.0164582,-75.1213175,4.06,4.25,3.97,
1.33E+17,11/15/2023 19:23,40.0164262,-75.1211376,3.86,4.25,3.97,
1.33E+17,11/6/2023 20:17,40.02087,-75.1191264,4.14,2.75,3.94,
1.33E+17,11/6/2023 20:17,40.0207386,-75.1191301,4.71,2.75,3.94,
1.33E+17,11/6/2023 20:17,40.0206284,-75.1191554,4.83,2.75,3.94,
1.33E+17,11/6/2023 20:17,40.0205281,-75.1191941,4.88,2.75,3.94,
1.33E+17,11/6/2023 20:17,40.0204176,-75.1192317,4.95,2.75,3.94,
1.33E+17,11/17/2023 18:13,40.0128856,-75.1197191,6.91,4.1,3.94,
1.33E+17,11/15/2023 19:21,40.0166039,-75.1242144,4.47,4.23,3.93,
1.33E+17,11/17/2023 18:11,40.01251,-75.1200207,6.42,4.29,3.93,
1.33E+17,11/17/2023 18:11,40.0124312,-75.1200911,6.66,4.18,3.93,
1.33E+17,11/15/2023 19:14,40.0162377,-75.1173966,5.32,4.78,3.92,
1.33E+17,11/15/2023 19:14,40.0161377,-75.1174058,5.09,4.78,3.92,
1.33E+17,11/15/2023 19:14,40.0160346,-75.1174646,5.16,4.78,3.92,
1.33E+17,11/15/2023 19:14,40.0159397,-75.1175813,5.55,4.78,3.92,
1.33E+17,11/15/2023 19:14,40.0158395,-75.1177339,5.79,4.78,3.92,
1.33E+17,11/15/2023 19:14,40.0157383,-75.1179096,5.92,4.78,3.92,
1.33E+17,11/15/2023 19:14,40.0156306,-75.1181045,5.79,4.78,3.92,
1.33E+17,11/15/2023 19:14,40.0155104,-75.1182973,5.78,4.78,3.92,
1.33E+17,11/15/2023 19:14,40.0153968,-75.1185046,5.72,4.78,3.92,
1.33E+17,11/15/2023 19:14,40.015283,-75.1187304,5.64,4.78,3.92,
1.33E+17,11/15/2023 19:14,40.0151681,-75.118969,5.51,4.78,3.92,
1.33E+17,11/15/2023 19:14,40.015061,-75.1191882,5.61,4.78,3.92,
1.33E+17,11/15/2023 19:14,40.0149311,-75.1194257,5.99,4.78,3.92,
1.33E+17,11/17/2023 18:02,40.0153717,-75.1186677,8.25,3.81,3.92,
1.33E+17,11/17/2023 18:11,40.0123482,-75.1201563,6.61,3.94,3.92,
1.33E+17,11/17/2023 18:11,40.0121812,-75.1202616,6.47,4.02,3.92,
1.33E+17,11/6/2023 20:17,40.0203003,-75.1192656,5.01,2.71,3.91,
1.33E+17,11/6/2023 20:17,40.0201656,-75.1192737,5.12,2.71,3.91,
1.33E+17,11/6/2023 20:17,40.0200443,-75.1192877,5.06,2.71,3.91,
1.33E+17,11/6/2023 20:17,40.0199208,-75.1193018,5,2.71,3.91,
1.33E+17,11/6/2023 20:17,40.0198206,-75.1193234,4.9,2.71,3.91,
1.33E+17,11/15/2023 19:18,40.0163999,-75.1206746,10.4,3.82,3.91,
1.33E+17,11/15/2023 19:21,40.0167228,-75.1242088,4.3,4.22,3.91,
1.33E+17,11/6/2023 20:17,40.0197102,-75.119335,4.65,2.61,3.9,
1.33E+17,11/6/2023 20:17,40.0195822,-75.1193678,4.83,2.61,3.9,
1.33E+17,11/6/2023 20:18,40.0194846,-75.1194051,5.54,2.61,3.9,
1.33E+17,11/15/2023 19:18,40.0164211,-75.1208697,10.5,3.8,3.9,
1.33E+17,11/15/2023 19:20,40.0181396,-75.1224455,4.1,4.27,3.9,
1.33E+17,11/15/2023 19:20,40.0181801,-75.1226839,4.01,4.38,3.9,
1.33E+17,11/17/2023 18:11,40.0120853,-75.1203058,6.44,3.92,3.9,
1.33E+17,11/15/2023 19:17,40.0165426,-75.1219476,10.9,3.83,3.89,
1.33E+17,11/15/2023 19:17,40.0165209,-75.1217746,10.9,3.83,3.89,
1.33E+17,11/15/2023 19:17,40.0164984,-75.1216205,10.7,3.83,3.89,
1.33E+17,11/15/2023 19:18,40.0164801,-75.1214646,10.6,3.83,3.89,
1.33E+17,11/15/2023 19:18,40.016456,-75.1212862,10.5,3.83,3.89,
1.33E+17,11/15/2023 19:18,40.0164358,-75.1210809,10.5,3.83,3.89,
1.33E+17,11/15/2023 19:20,40.0181933,-75.122827,3.91,4.36,3.89,
1.33E+17,11/15/2023 19:20,40.0168345,-75.1237738,4.31,4.21,3.89,
1.33E+17,11/15/2023 19:20,40.0168531,-75.1239047,4.39,4.21,3.89,
1.33E+17,11/15/2023 19:21,40.0168606,-75.1240916,4.11,4.21,3.89,
1.33E+17,11/6/2023 20:17,40.0209629,-75.1196115,4.18,2.55,3.88,
1.33E+17,11/6/2023 20:17,40.0209504,-75.1194661,4.03,2.55,3.88,
1.33E+17,11/6/2023 20:17,40.0209255,-75.119273,3.89,2.55,3.88,
1.33E+17,11/17/2023 18:13,40.0128026,-75.1197792,6.63,3.94,3.88,
1.33E+17,11/15/2023 19:22,40.0152084,-75.1230991,4.44,4.34,3.87,
1.33E+17,11/15/2023 19:22,40.0151773,-75.1229418,5.16,4.34,3.87,
1.33E+17,11/15/2023 19:22,40.0151456,-75.1227998,5.24,4.34,3.87,
1.33E+17,11/15/2023 19:22,40.0151154,-75.1225724,4.69,4.34,3.87,
1.33E+17,11/15/2023 19:22,40.0150972,-75.1224532,4.38,4.34,3.87,
1.33E+17,11/15/2023 19:22,40.0150735,-75.1223253,4.14,4.34,3.87,
1.33E+17,11/15/2023 19:22,40.0150498,-75.1221853,3.95,4.34,3.87,
1.33E+17,11/15/2023 19:23,40.0150375,-75.1219937,3.92,4.34,3.87,
1.33E+17,11/17/2023 18:12,40.0121593,-75.1202663,6.6,4.75,3.87,
1.33E+17,11/15/2023 19:20,40.0181749,-75.1230134,3.79,4.34,3.86,
1.33E+17,11/17/2023 18:02,40.0153151,-75.1187777,9.54,3.8,3.86,
1.33E+17,11/15/2023 19:23,40.015055,-75.1218316,4.14,3.94,3.84,
1.33E+17,11/15/2023 19:23,40.0152027,-75.1217532,4.42,3.94,3.84,
1.33E+17,11/15/2023 19:23,40.015324,-75.1217227,4.41,3.94,3.84,
1.33E+17,11/15/2023 19:23,40.0154482,-75.1217028,4.46,3.94,3.84,
1.33E+17,11/15/2023 19:23,40.0155679,-75.1216797,4.48,3.94,3.83,
1.33E+17,11/17/2023 18:12,40.012082,-75.1203279,7.25,4.46,3.83,
1.33E+17,11/15/2023 19:23,40.0156701,-75.1216524,4.41,3.93,3.82,
1.33E+17,11/15/2023 19:23,40.0157867,-75.1216246,4.07,3.91,3.81,
1.33E+17,11/17/2023 18:12,40.0122385,-75.1201986,6.91,4.37,3.81,
1.33E+17,11/6/2023 20:16,40.0211105,-75.1208519,4.47,2.62,3.79,
1.33E+17,11/6/2023 20:16,40.0210928,-75.120721,3.9,2.62,3.79,
1.33E+17,11/17/2023 18:02,40.0152537,-75.1188689,7.31,3.77,3.79,
1.33E+17,11/15/2023 19:17,40.0163527,-75.1241594,10.5,3.78,3.77,
1.33E+17,11/15/2023 19:17,40.0165026,-75.1241886,10.3,3.78,3.77,
1.33E+17,11/15/2023 19:17,40.016608,-75.1241749,10.4,3.78,3.77,
1.33E+17,11/15/2023 19:17,40.0167083,-75.1241616,10.6,3.78,3.77,
1.33E+17,11/6/2023 20:16,40.0212254,-75.1215597,3.84,2.67,3.76,
1.33E+17,11/6/2023 20:16,40.0212045,-75.1214186,3.94,2.67,3.76,
1.33E+17,11/6/2023 20:16,40.021178,-75.1212834,4.33,2.67,3.76,
1.33E+17,11/6/2023 20:16,40.0211603,-75.1211599,4.79,2.67,3.76,
1.33E+17,11/6/2023 20:16,40.0211379,-75.1209809,5.12,2.67,3.76,
1.33E+17,11/6/2023 20:17,40.0210802,-75.1205788,3.97,2.64,3.76,
1.33E+17,11/6/2023 20:17,40.0210649,-75.1204331,4.09,2.64,3.76,
1.33E+17,11/6/2023 20:17,40.0210444,-75.1202825,4.15,2.64,3.76,
1.33E+17,11/6/2023 20:17,40.0210162,-75.1201084,4.28,2.64,3.76,
1.33E+17,11/6/2023 20:17,40.0209907,-75.1199156,4.25,2.64,3.76,
1.33E+17,11/6/2023 20:17,40.0209725,-75.1197421,4.2,2.64,3.76,
1.33E+17,11/17/2023 18:13,40.0126448,-75.1199221,6.62,3.86,3.75,
1.33E+17,11/17/2023 18:13,40.0127251,-75.1198461,6.84,3.9,3.75,
1.33E+17,11/15/2023 18:31,40.0207314,-75.1244581,3.79,3.83,3.74,
1.33E+17,11/6/2023 20:16,40.0212521,-75.1217867,3.83,2.42,3.74,
1.33E+17,11/15/2023 19:17,40.0168429,-75.1241121,10.8,3.74,3.74,
1.33E+17,11/17/2023 18:12,40.0123191,-75.120145,6.71,4.28,3.73,
1.33E+17,11/15/2023 18:31,40.0208111,-75.124552,3.89,3.83,3.72,
1.33E+17,11/15/2023 18:32,40.0215218,-75.1240082,3.88,3.72,3.72,
1.33E+17,11/15/2023 18:32,40.0214889,-75.1243257,3.82,3.79,3.71,
1.33E+17,11/15/2023 18:32,40.0215398,-75.1241727,3.91,3.7,3.71,
1.33E+17,11/15/2023 18:32,40.0214863,-75.1238148,3.83,3.71,3.71,
1.33E+17,11/15/2023 18:32,40.0214084,-75.1232783,3.79,3.63,3.71,
1.33E+17,11/15/2023 19:17,40.0168576,-75.1239002,10.7,3.74,3.71,
1.33E+17,11/15/2023 19:17,40.0168282,-75.1237419,10.7,3.74,3.71,
1.33E+17,11/15/2023 19:19,40.0179397,-75.1208602,4.28,3.74,3.71,
1.33E+17,11/15/2023 19:19,40.0179554,-75.1209989,4.59,3.74,3.71,
1.33E+17,11/15/2023 19:19,40.0179946,-75.1212434,4.91,3.74,3.71,
1.33E+17,11/15/2023 19:19,40.0180183,-75.1214232,4.64,3.74,3.71,
1.33E+17,11/15/2023 19:19,40.0180588,-75.1215915,4.05,3.74,3.71,
1.33E+17,11/15/2023 19:19,40.0180942,-75.1217843,4.05,3.74,3.71,
1.33E+17,11/15/2023 19:19,40.0181284,-75.1219903,4.03,3.74,3.71,
1.33E+17,11/15/2023 19:19,40.0181488,-75.1221768,4.05,3.74,3.71,
1.33E+17,11/15/2023 19:20,40.0181626,-75.1223135,4.04,3.74,3.71,
1.33E+17,11/17/2023 18:13,40.0125625,-75.1199783,6.85,3.8,3.71,
1.33E+17,11/15/2023 18:31,40.0209157,-75.1245314,5.53,3.9,3.7,
1.33E+17,11/15/2023 18:31,40.0209503,-75.1244328,3.88,3.91,3.7,
1.33E+17,11/15/2023 18:32,40.0214565,-75.1235957,3.79,3.71,3.7,
1.33E+17,11/15/2023 18:32,40.0214268,-75.1234019,3.79,3.7,3.7,
1.33E+17,11/15/2023 19:23,40.0164043,-75.1209914,3.8,3.36,3.7,
1.33E+17,11/15/2023 19:23,40.0163828,-75.1208402,3.79,3.36,3.7,
1.33E+17,11/15/2023 19:23,40.0163642,-75.1207068,3.79,3.36,3.7,
1.33E+17,11/15/2023 19:23,40.0163449,-75.1205638,3.88,3.36,3.7,
1.33E+17,11/15/2023 19:24,40.0163342,-75.1203987,4.09,3.36,3.7,
1.33E+17,11/15/2023 19:24,40.0163153,-75.1202311,4.3,3.36,3.7,
1.33E+17,11/17/2023 18:13,40.0124805,-75.1200336,6.75,3.94,3.7,
1.33E+17,11/15/2023 19:18,40.016875,-75.1183854,10.2,3.74,3.69,
1.33E+17,11/15/2023 19:19,40.0169959,-75.1184663,10.3,3.74,3.69,
1.33E+17,11/15/2023 19:19,40.0170897,-75.1184577,10.3,3.74,3.69,
1.33E+17,11/15/2023 19:19,40.0171968,-75.1184267,10.3,3.74,3.69,
1.33E+17,11/15/2023 19:19,40.0173106,-75.1183965,10.3,3.74,3.69,
1.33E+17,11/15/2023 19:19,40.0174024,-75.1183711,10.3,3.74,3.69,
1.33E+17,11/15/2023 19:19,40.0175582,-75.1183736,10.4,3.74,3.69,
1.33E+17,11/15/2023 19:19,40.0176153,-75.1186078,10.2,3.74,3.69,
1.33E+17,11/15/2023 19:19,40.0176438,-75.1187648,10.2,3.74,3.69,
1.33E+17,11/15/2023 19:19,40.0176627,-75.1189363,10.1,3.74,3.69,
1.33E+17,11/15/2023 19:19,40.0176928,-75.1191147,8.02,3.74,3.69,
1.33E+17,11/15/2023 19:19,40.0177263,-75.1193093,5.89,3.74,3.69,
1.33E+17,11/15/2023 19:16,40.016172,-75.1250299,11.3,3.75,3.68,
1.33E+17,11/15/2023 19:16,40.0161473,-75.1248504,11.5,3.75,3.68,
1.33E+17,11/15/2023 19:16,40.0161125,-75.1246736,11.7,3.73,3.68,
1.33E+17,11/15/2023 19:16,40.0160818,-75.124525,11.8,3.73,3.68,
1.33E+17,11/17/2023 18:12,40.0123989,-75.1200887,6.82,4.11,3.68,
1.33E+17,11/15/2023 19:16,40.0162423,-75.1253045,10.9,3.68,3.67,
1.33E+17,11/15/2023 19:16,40.0161962,-75.125163,11.2,3.68,3.67,
1.33E+17,11/15/2023 18:31,40.0211207,-75.1243922,3.94,3.89,3.66,
1.33E+17,11/15/2023 19:15,40.014112,-75.1258709,11.9,3.8,3.66,
1.33E+17,11/15/2023 19:18,40.0163537,-75.1203142,10.3,3.8,3.66,
1.33E+17,11/15/2023 19:18,40.0163289,-75.1201234,10.3,3.8,3.66,
1.33E+17,11/15/2023 19:18,40.0163097,-75.1199815,10.3,3.8,3.66,
1.33E+17,11/15/2023 19:18,40.0163167,-75.1198114,10.3,3.8,3.66,
1.33E+17,11/15/2023 19:18,40.0163004,-75.1196765,10.3,3.8,3.66,
1.33E+17,11/15/2023 19:18,40.0162758,-75.1195244,10.2,3.8,3.66,
1.33E+17,11/15/2023 19:18,40.0162524,-75.119376,10.3,3.8,3.66,
1.33E+17,11/15/2023 19:18,40.0162248,-75.1192157,10.5,3.8,3.66,
1.33E+17,11/15/2023 19:18,40.0162045,-75.1190365,10.7,3.8,3.66,
1.33E+17,11/15/2023 19:18,40.0161943,-75.1188794,10.9,3.8,3.66,
1.33E+17,11/17/2023 18:12,40.0119873,-75.1203214,7.57,3.75,3.66,
1.33E+17,11/15/2023 18:31,40.0212558,-75.1243752,4.09,3.88,3.65,
1.33E+17,11/15/2023 18:31,40.0213666,-75.1243502,4.47,3.88,3.65,
1.33E+17,11/15/2023 18:34,40.0209424,-75.1193308,3.99,3.19,3.64,
1.33E+17,11/15/2023 18:43,40.0213984,-75.1228829,11.6,4.11,3.64,
1.33E+17,11/6/2023 20:16,40.0213028,-75.1223934,4.11,2.31,3.64,
1.33E+17,11/6/2023 20:16,40.0213297,-75.1222257,3.88,2.31,3.64,
1.33E+17,11/6/2023 20:16,40.0213066,-75.1221115,3.79,2.31,3.64,
1.33E+17,11/6/2023 20:16,40.0212746,-75.1219192,3.79,2.31,3.64,
1.33E+17,11/15/2023 18:33,40.0210065,-75.1200673,3.79,3.35,3.63,
1.33E+17,11/15/2023 18:33,40.0209888,-75.1198527,3.79,3.33,3.63,
1.33E+17,11/15/2023 18:33,40.0209622,-75.11954,3.83,3.26,3.63,
1.33E+17,11/15/2023 18:43,40.021427,-75.1231438,11.6,4.11,3.63,
1.33E+17,11/15/2023 18:33,40.0209761,-75.1196663,3.83,3.25,3.62,
1.33E+17,11/15/2023 18:43,40.0214792,-75.1236611,11.1,4.17,3.62,
1.33E+17,11/15/2023 18:43,40.0214529,-75.1234081,11.5,4.18,3.62,
1.33E+17,11/15/2023 18:43,40.0213704,-75.1226459,11.4,4.11,3.62,
1.33E+17,11/15/2023 18:43,40.0213471,-75.1224849,11.1,4.08,3.62,
1.33E+17,11/15/2023 18:33,40.0211011,-75.120903,4.46,3.29,3.61,
1.33E+17,11/15/2023 18:33,40.0210723,-75.1207076,4.76,3.29,3.61,
1.33E+17,11/15/2023 18:33,40.0210723,-75.1207076,4.76,3.29,3.61,
1.33E+17,11/15/2023 18:33,40.0210687,-75.1205487,4.54,3.32,3.61,
1.33E+17,11/15/2023 18:34,40.020935,-75.1191905,4.16,3.18,3.61,
1.33E+17,11/15/2023 18:43,40.0214964,-75.1238894,10.8,4.18,3.61,
1.33E+17,11/15/2023 19:15,40.0139525,-75.1258215,11.8,3.79,3.61,
1.33E+17,11/17/2023 18:02,40.0152059,-75.118971,7.14,3.57,3.61,
1.33E+17,11/15/2023 18:33,40.0211404,-75.1210858,3.95,3.31,3.6,
1.33E+17,11/15/2023 18:34,40.0208227,-75.1184991,3.81,3.13,3.6,
1.33E+17,11/6/2023 20:15,40.0206313,-75.1225646,5.75,2.48,3.6,
1.33E+17,11/6/2023 20:15,40.0207581,-75.1225307,5.17,2.48,3.6,
1.33E+17,11/6/2023 20:15,40.0209106,-75.1225018,4.86,2.48,3.6,
1.33E+17,11/6/2023 20:16,40.0210704,-75.12247,4.58,2.48,3.6,
1.33E+17,11/6/2023 20:16,40.0212038,-75.1224463,4.29,2.48,3.6,
1.33E+17,11/15/2023 18:33,40.0211586,-75.1212319,3.82,3.31,3.59,
1.33E+17,11/15/2023 18:33,40.0210578,-75.1204235,4.14,3.3,3.59,
1.33E+17,11/15/2023 18:34,40.0208015,-75.1183298,3.79,3.12,3.59,
1.33E+17,11/15/2023 18:34,40.0207669,-75.1181714,3.79,3.2,3.59,
1.33E+17,11/15/2023 18:43,40.0214975,-75.1240882,10.5,4.21,3.59,
1.33E+17,11/15/2023 18:34,40.0208361,-75.1186268,3.79,3.16,3.58,
1.33E+17,11/15/2023 18:43,40.0214799,-75.1242381,10.4,4.21,3.58,
1.33E+17,11/15/2023 19:15,40.013923,-75.1256994,11.5,3.82,3.58,
1.33E+17,11/15/2023 18:33,40.0211785,-75.121412,3.92,3.29,3.57,
1.33E+17,11/15/2023 18:33,40.0210302,-75.1202659,3.79,3.27,3.57,
1.33E+17,11/15/2023 18:34,40.0208935,-75.1190297,4.07,3.17,3.57,
1.33E+17,11/15/2023 18:34,40.0208711,-75.118855,3.88,3.02,3.57,
1.33E+17,11/15/2023 19:15,40.0136935,-75.1239626,12,3.8,3.57,
1.33E+17,11/15/2023 19:15,40.0137299,-75.124308,12.2,3.8,3.57,
1.33E+17,11/15/2023 19:15,40.0137664,-75.1246537,12.4,3.8,3.57,
1.33E+17,11/15/2023 19:15,40.0138098,-75.1249927,12.3,3.8,3.57,
1.33E+17,11/15/2023 19:15,40.0138504,-75.1252777,11.9,3.8,3.57,
1.33E+17,11/15/2023 19:15,40.0138927,-75.1255192,11.6,3.8,3.57,
1.33E+17,11/15/2023 18:34,40.0207229,-75.1177128,3.79,3.39,3.56,
1.33E+17,11/15/2023 19:12,40.0190494,-75.1175758,3.98,4.03,3.56,
1.33E+17,11/15/2023 19:12,40.0190368,-75.1173785,4.67,4.03,3.56,
1.33E+17,11/15/2023 19:12,40.0190175,-75.1171564,5.53,4.03,3.56,
1.33E+17,11/15/2023 18:43,40.0213781,-75.1243282,10.4,4.1,3.55,
1.33E+17,11/15/2023 18:33,40.0212149,-75.1219355,4.24,3.31,3.54,
1.33E+17,11/15/2023 18:33,40.0212005,-75.1216087,4.07,3.28,3.54,
1.33E+17,11/15/2023 18:34,40.0207673,-75.1180263,3.79,3.33,3.54,
1.33E+17,11/15/2023 18:33,40.0212886,-75.122392,3.83,3.49,3.53,
1.33E+17,11/15/2023 18:33,40.0212655,-75.1222237,3.98,3.38,3.53,
1.33E+17,11/15/2023 18:33,40.0212338,-75.1220602,4.11,3.38,3.53,
1.33E+17,11/15/2023 18:33,40.0212116,-75.1218008,4.18,3.24,3.53,
1.33E+17,11/15/2023 18:34,40.0207452,-75.1178632,3.79,3.37,3.53,
1.33E+17,11/15/2023 19:12,40.0190089,-75.1169966,5.84,4,3.53,
1.33E+17,11/15/2023 18:33,40.0213528,-75.1230438,4,3.37,3.52,
1.33E+17,11/15/2023 19:12,40.018985,-75.1168451,6.08,3.99,3.52,
1.33E+17,11/15/2023 18:33,40.0213427,-75.122884,4.01,3.37,3.51,
1.33E+17,11/15/2023 18:33,40.021313,-75.1225956,3.85,3.36,3.51,
1.33E+17,11/15/2023 18:35,40.0206662,-75.117413,3.87,3.84,3.51,
1.33E+17,11/15/2023 18:35,40.0206851,-75.1175313,3.96,3.84,3.49,
1.33E+17,11/15/2023 18:35,40.0206478,-75.1172729,3.85,3.84,3.49,
1.33E+17,11/15/2023 18:33,40.0213291,-75.1227282,3.96,3.35,3.48,
1.33E+17,11/15/2023 18:35,40.0206295,-75.117129,3.95,3.79,3.48,
1.33E+17,11/15/2023 18:36,40.0204324,-75.1153617,6.03,3.9,3.48,
1.33E+17,11/6/2023 20:15,40.0198159,-75.1227947,3.89,2.51,3.48,
1.33E+17,11/6/2023 20:15,40.019904,-75.1227597,4.07,2.51,3.48,
1.33E+17,11/6/2023 20:15,40.0200358,-75.1227303,4.6,2.51,3.48,
1.33E+17,11/6/2023 20:15,40.0201928,-75.1226955,5.24,2.51,3.48,
1.33E+17,11/6/2023 20:15,40.0203522,-75.1226508,5.93,2.51,3.48,
1.33E+17,11/6/2023 20:15,40.0205101,-75.1226032,5.92,2.51,3.48,
1.33E+17,11/17/2023 18:01,40.0151508,-75.1190771,3.79,3.35,3.48,
1.33E+17,11/15/2023 18:36,40.0205131,-75.1159141,10.1,3.88,3.47,
1.33E+17,11/15/2023 18:36,40.0205079,-75.1157642,10.2,3.87,3.47,
1.33E+17,11/15/2023 18:45,40.0192924,-75.119143,5.36,4.14,3.47,
1.33E+17,11/15/2023 19:12,40.0189653,-75.1167215,6.34,4,3.47,
1.33E+17,11/15/2023 18:35,40.0206139,-75.1169905,3.99,3.73,3.46,
1.33E+17,11/15/2023 18:36,40.0204007,-75.1151623,3.89,3.95,3.46,
1.33E+17,11/15/2023 18:42,40.021286,-75.1243823,10.4,4.11,3.46,
1.33E+17,11/15/2023 18:36,40.0204756,-75.1155615,8.19,3.85,3.45,
1.33E+17,11/15/2023 18:42,40.0211723,-75.1244168,10.5,4.12,3.45,
1.33E+17,11/6/2023 20:15,40.0197939,-75.1231266,3.99,2.38,3.45,
1.33E+17,11/6/2023 20:15,40.0197642,-75.1229423,4.16,2.38,3.45,
1.33E+17,11/15/2023 18:35,40.0206016,-75.1168688,4.05,3.75,3.44,
1.33E+17,11/15/2023 18:36,40.0205492,-75.1162743,10.2,3.78,3.44,
1.33E+17,11/15/2023 18:36,40.0203808,-75.1149865,3.96,3.94,3.44,
1.33E+17,11/15/2023 19:15,40.0137389,-75.1217227,10.8,3.87,3.44,
1.33E+17,11/15/2023 19:15,40.0136294,-75.1219405,11,3.87,3.44,
1.33E+17,11/15/2023 19:15,40.0135345,-75.1221169,11.1,3.87,3.44,
1.33E+17,11/15/2023 19:15,40.0134876,-75.1222319,11,3.87,3.44,
1.33E+17,11/15/2023 19:15,40.0134745,-75.1224535,11,3.87,3.44,
1.33E+17,11/15/2023 19:15,40.0134953,-75.1226259,11.1,3.87,3.44,
1.33E+17,11/15/2023 19:15,40.0135252,-75.1228393,11.3,3.87,3.44,
1.33E+17,11/15/2023 19:15,40.0135665,-75.123074,11.5,3.87,3.44,
1.33E+17,11/15/2023 19:15,40.0136119,-75.1233386,11.7,3.87,3.44,
1.33E+17,11/15/2023 19:15,40.0136551,-75.1236348,11.8,3.87,3.44,
1.33E+17,11/15/2023 18:35,40.0205696,-75.1164439,4.24,3.76,3.43,
1.33E+17,11/15/2023 18:36,40.0205284,-75.1160927,10.2,3.77,3.43,
1.33E+17,11/15/2023 18:36,40.0203751,-75.1148338,4.24,3.93,3.43,
1.33E+17,11/15/2023 18:35,40.020597,-75.1167286,4.08,3.82,3.42,
1.33E+17,11/15/2023 18:35,40.0205827,-75.1165786,4.24,3.79,3.42,
1.33E+17,11/15/2023 19:15,40.0138628,-75.1214752,9.05,3.53,3.42,
1.33E+17,11/15/2023 19:17,40.0168042,-75.1235777,10.8,3.54,3.42,
1.33E+17,11/15/2023 19:17,40.016783,-75.1234225,10.7,3.54,3.42,
1.33E+17,11/15/2023 19:17,40.0167645,-75.1232772,10.7,3.54,3.42,
1.33E+17,11/15/2023 19:17,40.0167369,-75.1231086,10.8,3.54,3.42,
1.33E+17,11/15/2023 19:17,40.0167141,-75.122942,10.9,3.54,3.42,
1.33E+17,11/15/2023 19:17,40.016703,-75.1228187,11.1,3.54,3.42,
1.33E+17,11/15/2023 19:17,40.016682,-75.12267,11.1,3.54,3.42,
1.33E+17,11/15/2023 19:17,40.0166622,-75.1225531,10.9,3.54,3.42,
1.33E+17,11/15/2023 19:17,40.0166314,-75.1224392,10.7,3.54,3.42,
1.33E+17,11/15/2023 19:17,40.0165841,-75.1222313,10.8,3.54,3.42,
1.33E+17,11/15/2023 19:17,40.0165659,-75.1221013,10.9,3.54,3.42,
1.33E+17,11/15/2023 18:42,40.0209965,-75.1244603,10.4,4.05,3.41,
1.33E+17,11/15/2023 18:37,40.0202969,-75.1144278,5.03,4.09,3.4,
1.33E+17,11/15/2023 18:42,40.0199266,-75.1246762,10.1,3.99,3.4,
1.33E+17,11/15/2023 18:42,40.0207994,-75.1245079,10.3,4.04,3.4,
1.33E+17,11/15/2023 18:44,40.0193113,-75.1192635,4.22,4.05,3.4,
1.33E+17,11/15/2023 18:37,40.0203332,-75.1145454,4.86,4.08,3.39,
1.33E+17,11/15/2023 18:42,40.0204026,-75.1245924,10.1,3.98,3.39,
1.33E+17,11/15/2023 18:44,40.0197672,-75.1193478,4.39,4.01,3.39,
1.33E+17,11/15/2023 18:44,40.0196188,-75.1193728,4.06,3.98,3.39,
1.33E+17,11/15/2023 19:15,40.013999,-75.1212053,7.57,3.38,3.39,
1.33E+17,11/15/2023 18:37,40.0203524,-75.114672,4.41,4.01,3.38,
1.33E+17,11/15/2023 18:37,40.0201409,-75.1144403,4.53,4,3.38,
1.33E+17,11/15/2023 18:37,40.0200159,-75.1145329,4.27,4,3.38,
1.33E+17,11/15/2023 18:37,40.0198678,-75.114634,4.06,3.99,3.38,
1.33E+17,11/15/2023 18:42,40.0200515,-75.1246605,10.1,3.98,3.38,
1.33E+17,11/15/2023 18:42,40.0202208,-75.1246254,10.1,3.98,3.38,
1.33E+17,11/15/2023 18:44,40.019499,-75.1193999,3.83,3.98,3.38,
1.33E+17,11/15/2023 18:44,40.0193596,-75.1194013,3.79,3.98,3.38,
1.33E+17,11/6/2023 20:15,40.019897,-75.1238604,3.81,2.23,3.38,
1.33E+17,11/6/2023 20:15,40.019878,-75.1236899,3.81,2.23,3.38,
1.33E+17,11/6/2023 20:15,40.0198556,-75.1235373,3.79,2.23,3.38,
1.33E+17,11/6/2023 20:15,40.0198437,-75.1233882,3.85,2.23,3.38,
1.33E+17,11/6/2023 20:15,40.0198266,-75.1232616,3.9,2.23,3.38,
1.33E+17,11/15/2023 18:37,40.0197029,-75.1147501,3.88,3.99,3.37,
1.33E+17,11/15/2023 18:42,40.0182068,-75.1250312,3.83,4.08,3.37,
1.33E+17,11/15/2023 18:42,40.0205996,-75.1245457,10.2,3.98,3.37,
1.33E+17,11/15/2023 18:44,40.0199214,-75.1193046,4.61,3.95,3.37,
1.33E+17,11/6/2023 20:15,40.0199894,-75.1246788,4.14,2.17,3.37,
1.33E+17,11/6/2023 20:15,40.0199684,-75.1245468,4.14,2.17,3.37,
1.33E+17,11/6/2023 20:15,40.019946,-75.1243798,4.23,2.17,3.37,
1.33E+17,11/6/2023 20:15,40.0199193,-75.124218,4.13,2.17,3.37,
1.33E+17,11/6/2023 20:15,40.0199146,-75.1240424,3.94,2.17,3.37,
1.33E+17,11/15/2023 19:15,40.0141321,-75.1209441,6.11,3.48,3.37,
1.33E+17,11/15/2023 18:37,40.0193624,-75.1149712,3.79,3.98,3.36,
1.33E+17,11/15/2023 18:37,40.018679,-75.1154347,3.94,3.9,3.36,
1.33E+17,11/15/2023 18:37,40.0181488,-75.1158195,4.47,3.95,3.36,
1.33E+17,11/15/2023 18:37,40.0179582,-75.1159688,4.73,3.94,3.36,
1.33E+17,11/15/2023 18:38,40.0169413,-75.1167435,4.06,3.95,3.36,
1.33E+17,11/15/2023 18:41,40.0161631,-75.1254415,3.79,3.73,3.36,
1.33E+17,11/15/2023 18:41,40.0165617,-75.1253972,3.79,3.9,3.36,
1.33E+17,11/15/2023 18:41,40.0171901,-75.1252563,3.79,3.96,3.36,
1.33E+17,11/15/2023 18:44,40.0209858,-75.1198684,4.18,4.04,3.36,
1.33E+17,11/15/2023 18:44,40.0209657,-75.1196968,4,4.08,3.36,
1.33E+17,11/6/2023 20:14,40.0201332,-75.1261985,3.79,2.11,3.36,
1.33E+17,11/15/2023 18:37,40.0191907,-75.115085,3.79,3.89,3.35,
1.33E+17,11/15/2023 18:37,40.0190209,-75.1152004,3.79,3.89,3.35,
1.33E+17,11/15/2023 18:37,40.0188535,-75.1153168,3.83,3.89,3.35,
1.33E+17,11/15/2023 18:37,40.0185125,-75.115557,4.11,3.89,3.35,
1.33E+17,11/15/2023 18:37,40.0183288,-75.1156822,4.25,3.94,3.35,
1.33E+17,11/15/2023 18:37,40.0173842,-75.1163933,4.34,3.93,3.35,
1.33E+17,11/15/2023 18:37,40.0172054,-75.1165215,4.1,3.99,3.35,
1.33E+17,11/15/2023 18:38,40.0168272,-75.1168403,4.3,3.95,3.35,
1.33E+17,11/15/2023 18:41,40.0163837,-75.1254232,3.79,3.8,3.35,
1.33E+17,11/15/2023 18:41,40.0167563,-75.1253623,3.79,3.89,3.35,
1.33E+17,11/15/2023 18:42,40.0174069,-75.1252097,3.79,3.88,3.35,
1.33E+17,11/15/2023 18:42,40.0180358,-75.1250686,3.83,4.03,3.35,
1.33E+17,11/15/2023 18:42,40.0183066,-75.1250022,3.83,4.07,3.35,
1.33E+17,11/15/2023 18:43,40.0210675,-75.1207748,10.7,3.75,3.35,
1.33E+17,11/15/2023 18:43,40.0210579,-75.1206487,10.6,3.74,3.35,
1.33E+17,11/15/2023 18:44,40.02105,-75.1204574,4.89,3.95,3.35,
1.33E+17,11/15/2023 18:44,40.0210405,-75.1203284,4.57,3.94,3.35,
1.33E+17,11/15/2023 19:14,40.014787,-75.1196892,6.41,3.36,3.35,
1.33E+17,11/15/2023 19:14,40.0146532,-75.1199424,6.79,3.36,3.35,
1.33E+17,11/15/2023 19:15,40.0145302,-75.120178,6.8,3.36,3.35,
1.33E+17,11/15/2023 19:15,40.0143958,-75.1204285,6.65,3.36,3.35,
1.33E+17,11/15/2023 19:15,40.0142643,-75.1206842,6.47,3.36,3.35,
1.33E+17,11/15/2023 18:37,40.0195328,-75.1148625,3.81,4.01,3.34,
1.33E+17,11/15/2023 18:37,40.0177681,-75.1161139,4.84,3.93,3.34,
1.33E+17,11/15/2023 18:37,40.0175796,-75.116253,4.71,3.93,3.34,
1.33E+17,11/15/2023 18:37,40.0170708,-75.1166324,3.94,3.99,3.34,
1.33E+17,11/15/2023 18:41,40.0169726,-75.1253107,3.79,3.89,3.34,
1.33E+17,11/15/2023 18:43,40.0210882,-75.1208948,10.8,3.75,3.34,
1.33E+17,11/15/2023 18:44,40.0210077,-75.1200375,4.28,3.96,3.34,
1.33E+17,11/15/2023 18:44,40.0209518,-75.1195739,3.92,4,3.34,
1.33E+17,11/15/2023 18:44,40.0202633,-75.1192513,4.49,3.98,3.34,
1.33E+17,11/15/2023 18:44,40.0201028,-75.1192864,4.64,3.94,3.34,
1.33E+17,11/15/2023 18:42,40.0178284,-75.1251193,3.79,3.94,3.33,
1.33E+17,11/15/2023 18:42,40.0184411,-75.124969,3.79,4.01,3.33,
1.33E+17,11/15/2023 18:42,40.0197803,-75.1246838,5.99,3.92,3.33,
1.33E+17,11/15/2023 18:44,40.0210245,-75.1202017,4.37,3.94,3.33,
1.33E+17,11/15/2023 18:44,40.0209259,-75.119355,4.2,3.98,3.33,
1.33E+17,11/15/2023 18:42,40.0176188,-75.1251662,3.79,3.93,3.32,
1.33E+17,11/15/2023 18:42,40.0185675,-75.1249362,3.79,3.98,3.32,
1.33E+17,11/15/2023 18:42,40.0187359,-75.1248922,3.79,3.97,3.32,
1.33E+17,11/15/2023 18:42,40.0196603,-75.1247087,3.88,3.97,3.32,
1.33E+17,11/15/2023 18:44,40.0209006,-75.1192296,4.38,3.97,3.32,
1.33E+17,11/15/2023 18:42,40.0194974,-75.1247548,3.8,3.97,3.31,
1.33E+17,11/15/2023 18:44,40.020799,-75.1191243,4.62,3.96,3.31,
1.33E+17,11/15/2023 18:44,40.0204144,-75.1192263,4.4,3.97,3.31,
1.33E+17,11/15/2023 18:42,40.0189227,-75.1248554,3.8,3.92,3.3,
1.33E+17,11/15/2023 18:42,40.0193108,-75.1247921,3.8,3.89,3.3,
1.33E+17,11/15/2023 18:44,40.0206929,-75.1191621,4.56,3.89,3.3,
1.33E+17,11/15/2023 18:44,40.0205585,-75.1191938,4.45,3.9,3.3,
1.33E+17,11/6/2023 20:14,40.0201488,-75.1261172,3.79,2.06,3.3,
1.33E+17,11/6/2023 20:14,40.0201436,-75.1259184,3.79,2.06,3.3,
1.33E+17,11/6/2023 20:14,40.0201242,-75.1257822,3.79,2.06,3.3,
1.33E+17,11/6/2023 20:14,40.0201051,-75.1256441,3.79,2.06,3.3,
1.33E+17,11/6/2023 20:14,40.0200884,-75.1255054,3.81,2.06,3.3,
1.33E+17,11/15/2023 19:13,40.0174685,-75.1166768,6.58,3.65,3.3,
1.33E+17,11/15/2023 19:13,40.017414,-75.1167734,6.05,3.65,3.3,
1.33E+17,11/15/2023 19:13,40.0174405,-75.1168914,5.41,3.65,3.3,
1.33E+17,11/15/2023 19:13,40.0174591,-75.1170279,5.2,3.65,3.3,
1.33E+17,11/15/2023 19:13,40.0174723,-75.1171897,5.34,3.7,3.3,
1.33E+17,11/15/2023 18:39,40.0133374,-75.1211839,3.83,3.58,3.29,
1.33E+17,11/15/2023 18:40,40.0138419,-75.125193,3.79,3.43,3.29,
1.33E+17,11/15/2023 18:42,40.0191203,-75.1248241,3.8,3.95,3.29,
1.33E+17,11/6/2023 20:14,40.0200712,-75.1253685,3.82,2.2,3.29,
1.33E+17,11/6/2023 20:14,40.0200526,-75.1252278,3.85,2.2,3.29,
1.33E+17,11/6/2023 20:14,40.0200458,-75.1250915,3.87,2.2,3.29,
1.33E+17,11/6/2023 20:14,40.0200305,-75.1249726,3.88,2.2,3.29,
1.33E+17,11/6/2023 20:14,40.0199977,-75.1248107,4.2,2.2,3.29,
1.33E+17,11/15/2023 19:13,40.0174846,-75.1173259,5.83,3.71,3.29,
1.33E+17,11/15/2023 19:13,40.0174988,-75.1175124,7.11,3.66,3.29,
1.33E+17,11/15/2023 19:16,40.0160603,-75.1243737,11.8,3.37,3.29,
1.33E+17,11/15/2023 19:16,40.0161046,-75.1242191,11.4,3.37,3.29,
1.33E+17,11/15/2023 19:16,40.0161606,-75.1240851,11.1,3.37,3.29,
1.33E+17,11/15/2023 19:16,40.0162748,-75.1240631,10.8,3.37,3.29,
1.33E+17,11/15/2023 18:39,40.0133561,-75.1213706,3.85,3.53,3.28,
1.33E+17,11/15/2023 18:39,40.0135296,-75.1228063,3.85,3.59,3.28,
1.33E+17,11/15/2023 18:39,40.0136112,-75.1234686,3.87,3.47,3.28,
1.33E+17,11/15/2023 18:40,40.0137964,-75.1248496,3.93,3.43,3.28,
1.33E+17,11/15/2023 18:43,40.0211236,-75.1210555,10.7,3.64,3.28,
1.33E+17,11/15/2023 19:14,40.017251,-75.1174582,4.25,3.26,3.28,
1.33E+17,11/15/2023 19:14,40.0170955,-75.1174656,4.51,3.26,3.28,
1.33E+17,11/15/2023 19:14,40.0169319,-75.1174634,4.7,3.26,3.28,
1.33E+17,11/15/2023 19:14,40.0167708,-75.1174607,4.96,3.26,3.28,
1.33E+17,11/15/2023 19:14,40.0166272,-75.1174693,5.08,3.26,3.28,
1.33E+17,11/15/2023 19:14,40.0165014,-75.1174655,5.27,3.27,3.28,
1.33E+17,11/15/2023 19:15,40.0142552,-75.1258386,11.7,3.66,3.28,
1.33E+17,11/15/2023 19:16,40.0144274,-75.1258066,11.6,3.66,3.28,
1.33E+17,11/15/2023 19:16,40.0146058,-75.1257773,11.5,3.66,3.28,
1.33E+17,11/15/2023 19:16,40.0147818,-75.1257472,11.4,3.66,3.28,
1.33E+17,11/15/2023 19:16,40.014963,-75.1257244,11.4,3.66,3.28,
1.33E+17,11/15/2023 19:16,40.0151479,-75.1256826,11.3,3.66,3.28,
1.33E+17,11/15/2023 19:16,40.0153354,-75.1256329,11.1,3.66,3.28,
1.33E+17,11/15/2023 19:16,40.0155333,-75.1255848,11,3.66,3.28,
1.33E+17,11/15/2023 19:16,40.0157349,-75.1255388,10.8,3.66,3.28,
1.33E+17,11/15/2023 19:16,40.015932,-75.125486,10.8,3.66,3.28,
1.33E+17,11/15/2023 19:16,40.0160974,-75.125448,10.7,3.66,3.28,
1.33E+17,11/15/2023 19:16,40.0162138,-75.1254204,10.8,3.66,3.28,
1.33E+17,11/15/2023 18:38,40.0160694,-75.1173543,5.16,3.91,3.27,
1.33E+17,11/15/2023 18:38,40.0149843,-75.1181156,10.1,3.85,3.27,
1.33E+17,11/15/2023 18:38,40.0131784,-75.1194002,3.8,3.77,3.27,
1.33E+17,11/15/2023 18:39,40.0132108,-75.1203682,3.79,3.75,3.27,
1.33E+17,11/15/2023 18:39,40.013243,-75.120632,3.79,3.75,3.27,
1.33E+17,11/15/2023 18:39,40.0133764,-75.1215686,3.82,3.41,3.27,
1.33E+17,11/15/2023 18:39,40.0134797,-75.1224725,3.83,3.53,3.27,
1.33E+17,11/15/2023 18:39,40.0135717,-75.1231424,3.83,3.55,3.27,
1.33E+17,11/15/2023 18:39,40.0136646,-75.1238079,3.91,3.47,3.27,
1.33E+17,11/15/2023 18:40,40.013752,-75.1245014,3.99,3.42,3.27,
1.33E+17,11/15/2023 18:40,40.0138763,-75.1254866,3.79,3.53,3.27,
1.33E+17,11/15/2023 18:40,40.0139013,-75.1256879,3.79,3.53,3.27,
1.33E+17,11/15/2023 19:14,40.0163387,-75.117434,5.49,3.37,3.27,
1.33E+17,11/15/2023 18:38,40.0165901,-75.116995,4.66,3.93,3.26,
1.33E+17,11/15/2023 18:38,40.0164266,-75.1170902,5.02,3.95,3.26,
1.33E+17,11/15/2023 18:38,40.0162533,-75.1172136,5.07,3.92,3.26,
1.33E+17,11/15/2023 18:38,40.0147692,-75.1182676,10.2,3.85,3.26,
1.33E+17,11/15/2023 18:38,40.014337,-75.1185713,5.96,3.88,3.26,
1.33E+17,11/15/2023 18:39,40.0131153,-75.1196512,3.79,3.8,3.26,
1.33E+17,11/15/2023 18:39,40.0131805,-75.1201068,3.79,3.78,3.26,
1.33E+17,11/15/2023 18:39,40.0134065,-75.1218459,3.79,3.41,3.26,
1.33E+17,11/15/2023 18:39,40.013444,-75.1221531,3.83,3.53,3.26,
1.33E+17,11/15/2023 18:38,40.016714,-75.1169271,4.28,3.92,3.25,
1.33E+17,11/15/2023 18:38,40.0158722,-75.1174995,6.98,3.77,3.25,
1.33E+17,11/15/2023 18:38,40.0156556,-75.1176525,8.62,3.77,3.25,
1.33E+17,11/15/2023 18:38,40.0141239,-75.1187197,3.79,3.76,3.25,
1.33E+17,11/15/2023 18:38,40.0133113,-75.1192983,3.8,3.77,3.25,
1.33E+17,11/15/2023 18:38,40.0131093,-75.1194963,3.8,3.79,3.25,
1.33E+17,11/15/2023 18:39,40.0132816,-75.120877,3.79,3.73,3.25,
1.33E+17,11/15/2023 18:40,40.0137072,-75.1241616,4.03,3.47,3.25,
1.33E+17,11/15/2023 18:43,40.0211447,-75.1211975,10.5,3.46,3.25,
1.33E+17,11/15/2023 18:38,40.0154321,-75.1178064,10.3,3.87,3.24,
1.33E+17,11/15/2023 18:38,40.0145495,-75.1184226,8.08,3.76,3.24,
1.33E+17,11/15/2023 18:38,40.0134862,-75.1191779,3.79,3.77,3.24,
1.33E+17,11/15/2023 18:39,40.0131507,-75.1198608,3.79,3.71,3.24,
1.33E+17,11/15/2023 18:39,40.0133152,-75.1210634,3.79,3.8,3.24,
1.33E+17,11/15/2023 18:40,40.0139199,-75.1258196,3.79,3.39,3.24,
1.33E+17,11/15/2023 18:43,40.0212166,-75.121767,10.4,3.38,3.24,
1.33E+17,11/15/2023 18:38,40.0152068,-75.1179613,10.2,3.84,3.23,
1.33E+17,11/15/2023 18:38,40.0139028,-75.1188782,3.79,3.75,3.23,
1.33E+17,11/15/2023 18:38,40.0136913,-75.1190339,3.79,3.75,3.23,
1.33E+17,11/15/2023 18:40,40.0140544,-75.1258883,3.83,3.39,3.23,
1.33E+17,11/15/2023 18:40,40.0142811,-75.1258425,3.79,3.36,3.23,
1.33E+17,11/15/2023 18:40,40.0141624,-75.1258705,3.83,3.36,3.22,
1.33E+17,11/15/2023 18:43,40.0211663,-75.1213826,10.4,3.45,3.22,
1.33E+17,11/15/2023 18:40,40.0143838,-75.1258201,3.79,3.45,3.21,
1.33E+17,11/15/2023 18:41,40.0160716,-75.1254467,3.92,3.42,3.21,
1.33E+17,11/15/2023 18:43,40.0212414,-75.1219937,10.3,3.45,3.21,
1.33E+17,11/15/2023 18:43,40.0211923,-75.1215791,10.3,3.37,3.21,
1.33E+17,11/15/2023 18:43,40.0212699,-75.1221553,10.3,3.45,3.2,
1.33E+17,11/15/2023 18:40,40.014512,-75.1257983,4.13,3.46,3.19,
1.33E+17,11/15/2023 18:41,40.0159489,-75.1254707,5.04,3.33,3.19,
1.33E+17,11/15/2023 18:41,40.0158497,-75.1255061,4.64,3.32,3.18,
1.33E+17,11/15/2023 18:43,40.0213023,-75.1223245,10.3,3.44,3.18,
1.33E+17,11/15/2023 18:41,40.015515,-75.125621,5.01,3.26,3.16,
1.33E+17,11/15/2023 18:41,40.0157021,-75.1255663,4.57,3.3,3.16,
1.33E+17,11/15/2023 18:41,40.015321,-75.1256767,5.3,3.25,3.15,
1.33E+17,11/15/2023 18:40,40.0146667,-75.1258045,4.97,3.3,3.13,
1.33E+17,11/15/2023 18:41,40.0148434,-75.1257901,5.67,3.27,3.13,
1.33E+17,11/15/2023 18:41,40.0149762,-75.1257744,5.85,3.16,3.13,
1.33E+17,11/15/2023 18:41,40.0151387,-75.1257298,5.81,3.22,3.13,
1.33E+17,11/17/2023 18:11,40.0119954,-75.1203487,6.56,2.29,2.59,
1.33E+17,11/17/2023 18:12,40.0119147,-75.120403,6.71,1.91,2.44,
