Track:,9/16/2023,15-56-26b,RC-102-000104,EC,,,
Timestamp,Time,Latitude,Longitude,Accuracy,DoseRate,CountRate,Comment
1.33394E+17,9/16/2023,19:56:34,40.0214335,-75.1482258,5.67,2.48,3.14
1.33394E+17,9/16/2023,19:56:42,40.0214462,-75.1482879,5.67,2.48,3.14
1.33394E+17,9/16/2023,19:56:46,40.0214653,-75.1484557,5.67,2.53,3.14
1.33394E+17,9/16/2023,19:56:48,40.0214135,-75.1485701,5.67,2.53,3.14
1.33394E+17,9/16/2023,19:56:51,40.0211977,-75.1486415,5.67,2.53,3.14
1.33394E+17,9/16/2023,19:56:53,40.0210123,-75.1486811,5.67,2.53,3.14
1.33394E+17,9/16/2023,19:56:55,40.0208085,-75.1487238,5.67,2.53,3.14
1.33394E+17,9/16/2023,19:56:57,40.0205984,-75.1487681,5.67,2.45,3.04
1.33394E+17,9/16/2023,19:56:59,40.0203821,-75.1488183,5.67,2.45,3.04
1.33394E+17,9/16/2023,19:57:01,40.0201581,-75.1488696,5.67,2.45,3.04
1.33394E+17,9/16/2023,19:57:03,40.0199336,-75.1489172,5.67,2.45,3.04
1.33394E+17,9/16/2023,19:57:08,40.0193701,-75.149034,5.67,2.39,3
1.33394E+17,9/16/2023,19:57:10,40.019136,-75.1490845,5.67,2.39,3
1.33394E+17,9/16/2023,19:57:12,40.0189283,-75.1491312,5.67,2.39,3
1.33394E+17,9/16/2023,19:57:14,40.018731,-75.149173,5.67,2.39,3
1.33394E+17,9/16/2023,19:57:16,40.0185436,-75.1492139,5.67,2.39,3
1.33394E+17,9/16/2023,19:57:18,40.0183685,-75.1492534,5.67,2.39,3
1.33394E+17,9/16/2023,19:57:20,40.0181915,-75.1492951,5.67,2.5,3.02
1.33394E+17,9/16/2023,19:57:22,40.0180101,-75.149337,5.67,2.5,3.02
1.33394E+17,9/16/2023,19:57:25,40.0177523,-75.1493944,5.67,2.5,3.02
1.33394E+17,9/16/2023,19:57:27,40.0176327,-75.1494265,5.67,2.5,3.02
1.33394E+17,9/16/2023,19:57:29,40.0175073,-75.1494559,5.67,2.5,3.02
1.33394E+17,9/16/2023,19:57:31,40.0173562,-75.1494836,5.67,2.53,2.97
1.33394E+17,9/16/2023,19:57:33,40.017229,-75.1495088,5.67,2.53,2.97
1.33394E+17,9/16/2023,19:58:11,40.0171224,-75.1495257,5.67,2.63,3
1.33394E+17,9/16/2023,19:58:17,40.0166996,-75.149615,5.67,2.63,3
1.33394E+17,9/16/2023,19:58:19,40.0164763,-75.1496631,5.67,2.63,3
1.33394E+17,9/16/2023,19:58:21,40.0162265,-75.1497189,5.67,2.63,3
1.33394E+17,9/16/2023,19:58:23,40.0159515,-75.1497804,5.67,2.68,2.99
1.33394E+17,9/16/2023,19:58:25,40.0156669,-75.1498432,5.67,2.68,2.99
1.33394E+17,9/16/2023,19:58:27,40.0153738,-75.149905,5.67,2.68,2.99
1.33394E+17,9/16/2023,19:58:29,40.0150746,-75.1499681,5.67,2.68,2.99
1.33394E+17,9/16/2023,19:58:31,40.0147653,-75.149974,5.67,2.68,2.99
1.33394E+17,9/16/2023,19:58:33,40.0144633,-75.1500473,5.67,2.68,2.99
1.33394E+17,9/16/2023,19:58:35,40.014174,-75.1501928,5.67,2.61,2.99
1.33394E+17,9/16/2023,19:58:37,40.0138793,-75.1502816,5.67,2.61,2.99
1.33394E+17,9/16/2023,19:58:39,40.0135737,-75.1502911,5.67,2.61,2.99
1.33394E+17,9/16/2023,19:58:41,40.0132977,-75.1503566,5.67,2.61,2.99
1.33394E+17,9/16/2023,19:58:43,40.0130471,-75.1504089,5.67,2.61,2.99
1.33394E+17,9/16/2023,19:58:45,40.0128511,-75.150453,5.67,2.41,2.95
1.33394E+17,9/16/2023,19:58:47,40.0127252,-75.1504824,5.67,2.41,2.95
1.33394E+17,9/16/2023,19:58:50,40.0126243,-75.1505058,5.67,2.41,2.95
1.33394E+17,9/16/2023,19:59:00,40.0125322,-75.1505266,5.67,2.44,2.96
1.33394E+17,9/16/2023,19:59:02,40.0124287,-75.1505472,5.67,2.44,2.96
1.33394E+17,9/16/2023,19:59:04,40.0122867,-75.1505788,5.67,2.44,2.96
1.33394E+17,9/16/2023,19:59:06,40.012111,-75.1506157,5.67,2.44,2.96
1.33394E+17,9/16/2023,19:59:08,40.0119098,-75.1506578,5.67,2.44,2.96
1.33394E+17,9/16/2023,19:59:10,40.011697,-75.1507042,5.67,2.44,2.96
1.33394E+17,9/16/2023,19:59:12,40.0114655,-75.1507552,5.67,2.53,3
1.33394E+17,9/16/2023,19:59:14,40.0112207,-75.1508105,5.67,2.53,3
1.33394E+17,9/16/2023,19:59:16,40.010976,-75.1508645,5.67,2.53,3
1.33394E+17,9/16/2023,19:59:18,40.0107386,-75.1509184,5.67,2.53,3
1.33394E+17,9/16/2023,19:59:20,40.0105117,-75.1509698,5.67,2.53,3
1.33394E+17,9/16/2023,19:59:22,40.0102761,-75.151019,5.67,2.43,3.02
1.33394E+17,9/16/2023,19:59:24,40.0100347,-75.1510619,5.67,2.43,3.02
1.33394E+17,9/16/2023,19:59:26,40.0097912,-75.1511182,5.67,2.43,3.02
1.33394E+17,9/16/2023,19:59:28,40.0095561,-75.1511694,5.67,2.43,3.02
1.33394E+17,9/16/2023,19:59:30,40.0093282,-75.1512199,5.67,2.43,3.02
1.33394E+17,9/16/2023,19:59:32,40.0090843,-75.1512733,5.67,2.43,3.02
1.33394E+17,9/16/2023,19:59:34,40.0088307,-75.151331,5.67,2.51,2.98
1.33394E+17,9/16/2023,19:59:36,40.0085689,-75.1513878,5.67,2.51,2.98
1.33394E+17,9/16/2023,19:59:38,40.0082981,-75.1514478,5.67,2.51,2.98
1.33394E+17,9/16/2023,19:59:40,40.0080291,-75.1515091,5.67,2.51,2.98
1.33394E+17,9/16/2023,19:59:42,40.0077653,-75.1515675,5.67,2.51,2.98
1.33394E+17,9/16/2023,19:59:44,40.0074982,-75.1516253,5.67,2.5,3.04
1.33394E+17,9/16/2023,19:59:46,40.0072306,-75.1516799,5.67,2.5,3.04
1.33394E+17,9/16/2023,19:59:48,40.0069658,-75.1517352,5.67,2.5,3.04
1.33394E+17,9/16/2023,19:59:50,40.0067069,-75.1517787,5.67,2.5,3.04
1.33394E+17,9/16/2023,19:59:52,40.0064462,-75.151841,5.67,2.5,3.04
1.33394E+17,9/16/2023,19:59:54,40.0061985,-75.1518924,5.67,2.54,3.07
1.33394E+17,9/16/2023,19:59:56,40.0059665,-75.1519409,5.67,2.54,3.07
1.33394E+17,9/16/2023,19:59:58,40.0057823,-75.1519816,5.67,2.54,3.07
1.33394E+17,9/16/2023,20:00:00,40.005664,-75.1520096,5.67,2.54,3.07
1.33394E+17,9/16/2023,20:00:03,40.0055586,-75.1520316,5.67,2.54,3.07
1.33394E+17,9/16/2023,20:00:12,40.0054542,-75.1520554,5.67,2.58,3.13
1.33394E+17,9/16/2023,20:00:14,40.0053475,-75.1520847,5.67,2.58,3.13
1.33394E+17,9/16/2023,20:00:16,40.0052067,-75.1521162,5.67,2.58,3.13
1.33394E+17,9/16/2023,20:00:18,40.0050443,-75.1521521,5.67,2.58,3.13
1.33394E+17,9/16/2023,20:00:20,40.0048866,-75.1521884,5.67,2.58,3.13
1.33394E+17,9/16/2023,20:00:22,40.0047278,-75.1522255,5.67,2.52,3.14
1.33394E+17,9/16/2023,20:00:24,40.0045604,-75.1522664,5.67,2.52,3.14
1.33394E+17,9/16/2023,20:00:26,40.004375,-75.1523073,5.67,2.52,3.14
1.33394E+17,9/16/2023,20:00:28,40.0041755,-75.1523497,5.67,2.52,3.14
1.33394E+17,9/16/2023,20:00:30,40.003966,-75.1523959,5.67,2.52,3.14
1.33394E+17,9/16/2023,20:00:32,40.0037452,-75.1524458,5.67,2.52,3.14
1.33394E+17,9/16/2023,20:00:34,40.0035177,-75.1524948,5.67,2.5,3.09
1.33394E+17,9/16/2023,20:00:36,40.0032865,-75.1525097,5.67,2.5,3.09
1.33394E+17,9/16/2023,20:00:38,40.0030551,-75.1524762,5.67,2.5,3.09
1.33394E+17,9/16/2023,20:00:40,40.0028277,-75.1523701,5.67,2.5,3.09
1.33394E+17,9/16/2023,20:00:42,40.0026104,-75.1522098,5.67,2.5,3.09
1.33394E+17,9/16/2023,20:00:44,40.0024989,-75.1526938,5.67,2.5,3.09
1.33394E+17,9/16/2023,20:00:46,40.0023136,-75.1527528,5.67,2.38,3.06
1.33394E+17,9/16/2023,20:00:48,40.0021069,-75.1528096,5.67,2.38,3.06
1.33394E+17,9/16/2023,20:00:50,40.0019081,-75.1528381,5.67,2.38,3.06
1.33394E+17,9/16/2023,20:00:52,40.0017885,-75.1528682,5.67,2.38,3.06
1.33394E+17,9/16/2023,20:01:33,40.0016993,-75.1529089,5.67,2.36,3.1
1.33394E+17,9/16/2023,20:01:35,40.0015877,-75.1529304,5.67,2.36,3.1
1.33394E+17,9/16/2023,20:01:37,40.0014089,-75.1529695,5.67,2.36,3.1
1.33394E+17,9/16/2023,20:01:39,40.0011779,-75.1530165,5.67,2.36,3.1
1.33394E+17,9/16/2023,20:01:41,40.0009111,-75.1530723,5.67,2.36,3.1
1.33394E+17,9/16/2023,20:01:43,40.0006115,-75.1531361,5.67,2.36,3.1
1.33394E+17,9/16/2023,20:01:45,40.0003063,-75.1531988,5.67,2.3,3.11
1.33394E+17,9/16/2023,20:01:47,40.0000085,-75.1532639,5.67,2.3,3.11
1.33394E+17,9/16/2023,20:01:49,39.9997242,-75.1533266,5.67,2.3,3.11
1.33394E+17,9/16/2023,20:01:51,39.999457,-75.1533842,5.67,2.3,3.11
1.33394E+17,9/16/2023,20:01:53,39.9992083,-75.1534328,5.67,2.3,3.11
1.33394E+17,9/16/2023,20:01:55,39.9990106,-75.1534582,5.67,2.3,3.11
1.33394E+17,9/16/2023,20:01:58,39.9988667,-75.1534674,5.67,2.36,3.07
1.33394E+17,9/16/2023,20:01:59,39.9987977,-75.153577,5.67,2.36,3.07
1.33394E+17,9/16/2023,20:02:02,39.9987784,-75.1537197,5.67,2.36,3.07
1.33394E+17,9/16/2023,20:02:07,39.9987882,-75.1538501,5.67,2.36,3.07
1.33394E+17,9/16/2023,20:02:09,39.9987391,-75.1535728,5.67,2.25,3.01
1.33394E+17,9/16/2023,20:02:22,39.9985957,-75.1535911,5.67,2.37,3.06
1.33394E+17,9/16/2023,20:02:24,39.9984524,-75.1536223,5.67,2.37,3.06
1.33394E+17,9/16/2023,20:02:26,39.998271,-75.1536596,5.67,2.37,3.06
1.33394E+17,9/16/2023,20:02:28,39.9980527,-75.1536768,5.67,2.37,3.06
1.33394E+17,9/16/2023,20:02:32,39.9977231,-75.1537767,5.67,2.17,3.04
1.33394E+17,9/16/2023,20:02:34,39.9973584,-75.1536966,5.67,2.17,3.04
1.33394E+17,9/16/2023,20:02:36,39.9971021,-75.153813,5.67,2.17,3.04
1.33394E+17,9/16/2023,20:02:38,39.9968727,-75.1539477,5.67,2.17,3.04
1.33394E+17,9/16/2023,20:02:40,39.9966447,-75.1539981,5.67,2.17,3.04
1.33394E+17,9/16/2023,20:02:42,39.9964153,-75.1540504,5.67,2.17,3.04
1.33394E+17,9/16/2023,20:02:44,39.996196,-75.1540995,5.67,2.24,3.04
1.33394E+17,9/16/2023,20:02:46,39.9959677,-75.1541517,5.67,2.24,3.04
1.33394E+17,9/16/2023,20:02:48,39.9957341,-75.1542021,5.67,2.24,3.04
1.33394E+17,9/16/2023,20:02:50,39.9954993,-75.1542532,5.67,2.24,3.04
1.33394E+17,9/16/2023,20:02:52,39.9952627,-75.1543031,5.67,2.24,3.04
1.33394E+17,9/16/2023,20:02:54,39.9950173,-75.1543561,5.67,2.24,3.04
1.33394E+17,9/16/2023,20:02:56,39.9947712,-75.1544131,5.67,2.49,3.07
1.33394E+17,9/16/2023,20:02:58,39.994544,-75.1544657,5.67,2.49,3.07
1.33394E+17,9/16/2023,20:03:00,39.9943472,-75.1544825,5.67,2.49,3.07
1.33394E+17,9/16/2023,20:03:02,39.9941473,-75.1545299,5.67,2.49,3.07
1.33394E+17,9/16/2023,20:03:04,39.9939637,-75.1545801,5.67,2.49,3.07
1.33394E+17,9/16/2023,20:03:06,39.9937769,-75.1546271,5.67,2.63,3.07
1.33394E+17,9/16/2023,20:03:08,39.9935721,-75.1546706,5.67,2.63,3.07
1.33394E+17,9/16/2023,20:03:10,39.9933627,-75.1547185,5.67,2.63,3.07
1.33394E+17,9/16/2023,20:03:12,39.9932001,-75.1547542,5.67,2.63,3.07
1.33394E+17,9/16/2023,20:03:14,39.9930335,-75.1547898,5.67,2.63,3.07
1.33394E+17,9/16/2023,20:03:16,39.9928347,-75.1548334,5.67,2.63,3.07
1.33394E+17,9/16/2023,20:03:18,39.9926164,-75.1548816,5.67,2.46,3.05
1.33394E+17,9/16/2023,20:03:20,39.9923998,-75.1549283,5.67,2.46,3.05
1.33394E+17,9/16/2023,20:03:22,39.9921942,-75.1549748,5.67,2.46,3.05
1.33394E+17,9/16/2023,20:03:24,39.9920429,-75.1550056,5.67,2.46,3.05
1.33394E+17,9/16/2023,20:03:26,39.9919337,-75.1550278,5.67,2.46,3.05
1.33394E+17,9/16/2023,20:03:28,39.9918301,-75.1550491,5.67,2.46,3.05
1.33394E+17,9/16/2023,20:03:30,39.9916944,-75.1550803,5.67,2.55,3.02
1.33394E+17,9/16/2023,20:03:32,39.991523,-75.1551208,5.67,2.55,3.02
1.33394E+17,9/16/2023,20:03:34,39.9913313,-75.1551654,5.67,2.55,3.02
1.33394E+17,9/16/2023,20:03:36,39.991136,-75.1552078,5.67,2.55,3.02
1.33394E+17,9/16/2023,20:03:38,39.9909437,-75.1552501,5.67,2.55,3.02
1.33394E+17,9/16/2023,20:03:40,39.9907408,-75.1552964,5.67,2.55,3.02
1.33394E+17,9/16/2023,20:03:42,39.9905449,-75.1553372,5.67,2.54,2.97
1.33394E+17,9/16/2023,20:03:44,39.9903803,-75.1553712,5.67,2.54,2.97
1.33394E+17,9/16/2023,20:03:46,39.9902305,-75.1554003,5.67,2.54,2.97
1.33394E+17,9/16/2023,20:03:48,39.9900709,-75.155436,5.67,2.54,2.97
1.33394E+17,9/16/2023,20:03:50,39.9898902,-75.1554777,5.67,2.54,2.97
1.33394E+17,9/16/2023,20:03:52,39.9896908,-75.1555236,5.67,2.54,2.97
1.33394E+17,9/16/2023,20:03:54,39.9894845,-75.1555711,5.67,2.44,2.95
1.33394E+17,9/16/2023,20:03:56,39.9892863,-75.1556121,5.67,2.44,2.95
1.33394E+17,9/16/2023,20:03:58,39.9891023,-75.1556482,5.67,2.44,2.95
1.33394E+17,9/16/2023,20:04:00,39.9889319,-75.1556817,5.67,2.44,2.95
1.33394E+17,9/16/2023,20:04:02,39.9887639,-75.1557155,5.67,2.44,2.95
1.33394E+17,9/16/2023,20:04:04,39.9886051,-75.1557493,5.67,2.54,2.89
1.33394E+17,9/16/2023,20:04:07,39.988342,-75.1558053,5.67,2.54,2.89
1.33394E+17,9/16/2023,20:04:11,39.9879425,-75.1558938,5.67,2.54,2.89
1.33394E+17,9/16/2023,20:04:13,39.987751,-75.1559366,5.67,2.54,2.89
1.33394E+17,9/16/2023,20:04:15,39.9875672,-75.1559775,5.67,2.48,2.98
1.33394E+17,9/16/2023,20:04:17,39.9874031,-75.1560118,5.67,2.48,2.98
1.33394E+17,9/16/2023,20:04:19,39.9872654,-75.1560411,5.67,2.48,2.98
1.33394E+17,9/16/2023,20:04:21,39.9871377,-75.1560697,5.67,2.48,2.98
1.33394E+17,9/16/2023,20:04:23,39.9869936,-75.1560997,5.67,2.48,2.98
1.33394E+17,9/16/2023,20:04:25,39.9868271,-75.156135,5.67,2.48,2.98
1.33394E+17,9/16/2023,20:04:27,39.9866431,-75.1561758,5.67,2.54,2.93
1.33394E+17,9/16/2023,20:04:29,39.9864544,-75.1562188,5.67,2.54,2.93
1.33394E+17,9/16/2023,20:04:31,39.9862708,-75.1562587,5.67,2.54,2.93
1.33394E+17,9/16/2023,20:04:33,39.9860799,-75.1563008,5.67,2.54,2.93
1.33394E+17,9/16/2023,20:04:35,39.9858831,-75.1563445,5.67,2.54,2.93
1.33394E+17,9/16/2023,20:04:37,39.9856922,-75.1563822,5.67,2.52,2.96
1.33394E+17,9/16/2023,20:04:39,39.9854981,-75.1564234,5.67,2.52,2.96
1.33394E+17,9/16/2023,20:04:41,39.9852933,-75.1564676,5.67,2.52,2.96
1.33394E+17,9/16/2023,20:04:43,39.9850931,-75.1565121,5.67,2.52,2.96
1.33394E+17,9/16/2023,20:04:45,39.98489,-75.156558,5.67,2.52,2.96
1.33394E+17,9/16/2023,20:04:47,39.9846819,-75.1566049,5.67,2.52,2.96
1.33394E+17,9/16/2023,20:04:49,39.9844715,-75.156651,5.67,2.52,2.94
1.33394E+17,9/16/2023,20:04:51,39.9842692,-75.1566961,5.67,2.52,2.94
1.33394E+17,9/16/2023,20:04:53,39.9840778,-75.1567382,5.67,2.52,2.94
1.33394E+17,9/16/2023,20:04:55,39.9839075,-75.1567757,5.67,2.52,2.94
1.33394E+17,9/16/2023,20:04:57,39.9837418,-75.1568105,5.67,2.52,2.94
1.33394E+17,9/16/2023,20:04:59,39.9835567,-75.1568518,5.67,2.6,2.96
1.33394E+17,9/16/2023,20:05:01,39.9833641,-75.1568949,5.67,2.6,2.96
1.33394E+17,9/16/2023,20:05:03,39.9831698,-75.1569367,5.67,2.6,2.96
1.33394E+17,9/16/2023,20:05:05,39.9829701,-75.1569807,5.67,2.6,2.96
1.33394E+17,9/16/2023,20:05:07,39.982776,-75.1570255,5.67,2.6,2.96
1.33394E+17,9/16/2023,20:05:09,39.9826247,-75.1570606,5.67,2.6,2.96
1.33394E+17,9/16/2023,20:05:11,39.9824932,-75.1570892,5.67,2.59,2.99
1.33394E+17,9/16/2023,20:05:13,39.9823469,-75.1571199,5.67,2.59,2.99
1.33394E+17,9/16/2023,20:05:15,39.9821709,-75.1571564,5.67,2.59,2.99
1.33394E+17,9/16/2023,20:05:17,39.9819772,-75.1571996,5.67,2.59,2.99
1.33394E+17,9/16/2023,20:05:19,39.9817802,-75.1572421,5.67,2.59,2.99
1.33394E+17,9/16/2023,20:05:21,39.981581,-75.1572859,5.67,2.66,3.01
1.33394E+17,9/16/2023,20:05:23,39.9813823,-75.157331,5.67,2.66,3.01
1.33394E+17,9/16/2023,20:05:25,39.9811878,-75.1573644,5.67,2.66,3.01
1.33394E+17,9/16/2023,20:05:27,39.980976,-75.1574103,5.67,2.66,3.01
1.33394E+17,9/16/2023,20:05:29,39.9807569,-75.1574551,5.67,2.66,3.01
1.33394E+17,9/16/2023,20:05:31,39.980526,-75.1575092,5.67,2.72,3.06
1.33394E+17,9/16/2023,20:05:33,39.9802936,-75.1575579,5.67,2.72,3.06
1.33394E+17,9/16/2023,20:05:35,39.9800572,-75.157615,5.67,2.72,3.06
1.33394E+17,9/16/2023,20:05:37,39.9798345,-75.1576672,5.67,2.72,3.06
1.33394E+17,9/16/2023,20:05:39,39.9796296,-75.1577124,5.67,2.72,3.06
1.33394E+17,9/16/2023,20:05:41,39.9794433,-75.1577527,5.67,2.72,3.06
1.33394E+17,9/16/2023,20:05:43,39.9792924,-75.1577865,5.67,2.77,3.1
1.33394E+17,9/16/2023,20:05:45,39.9791716,-75.1578116,5.67,2.77,3.1
1.33394E+17,9/16/2023,20:05:47,39.9790769,-75.1578334,5.67,2.77,3.1
1.33394E+17,9/16/2023,20:05:49,39.9789723,-75.1578564,5.67,2.77,3.1
1.33394E+17,9/16/2023,20:05:52,39.9787837,-75.1578989,5.67,2.77,3.1
1.33394E+17,9/16/2023,20:05:54,39.9786823,-75.1579095,5.67,2.7,3.01
1.33394E+17,9/16/2023,20:06:01,39.9785811,-75.1579263,5.67,2.7,3.01
1.33394E+17,9/16/2023,20:06:09,39.9784721,-75.1579457,5.67,2.73,3.03
1.33394E+17,9/16/2023,20:06:11,39.9783694,-75.157971,5.67,2.73,3.03
1.33394E+17,9/16/2023,20:06:13,39.9782597,-75.157995,5.67,2.73,3.03
1.33394E+17,9/16/2023,20:06:15,39.9781478,-75.1580199,5.67,2.73,3.03
1.33394E+17,9/16/2023,20:06:18,39.9779468,-75.1580657,5.67,2.73,3.03
1.33394E+17,9/16/2023,20:06:20,39.9778122,-75.158097,5.67,2.79,3.05
1.33394E+17,9/16/2023,20:06:22,39.9776802,-75.158129,5.67,2.79,3.05
1.33394E+17,9/16/2023,20:06:28,39.9773025,-75.1582108,5.67,2.79,3.05
1.33394E+17,9/16/2023,20:06:30,39.9771706,-75.1582412,5.67,2.83,3.06
1.33394E+17,9/16/2023,20:06:32,39.9770361,-75.1582713,5.67,2.83,3.06
1.33394E+17,9/16/2023,20:06:34,39.9769281,-75.1582955,5.67,2.83,3.06
1.33394E+17,9/16/2023,20:06:36,39.9767892,-75.1583288,5.67,2.83,3.06
1.33394E+17,9/16/2023,20:06:38,39.9765944,-75.1583715,5.67,2.83,3.06
1.33394E+17,9/16/2023,20:06:40,39.9763518,-75.1584229,5.67,2.83,3.06
1.33394E+17,9/16/2023,20:06:42,39.9760954,-75.1584802,5.67,2.79,3.03
1.33394E+17,9/16/2023,20:06:44,39.9758439,-75.1585363,5.67,2.79,3.03
1.33394E+17,9/16/2023,20:06:46,39.9756019,-75.1585883,5.67,2.79,3.03
1.33394E+17,9/16/2023,20:06:48,39.9753617,-75.1586401,5.67,2.79,3.03
1.33394E+17,9/16/2023,20:06:50,39.9751201,-75.1586924,5.67,2.79,3.03
1.33394E+17,9/16/2023,20:06:52,39.9749146,-75.1587373,5.67,2.79,3.03
1.33394E+17,9/16/2023,20:06:54,39.9747736,-75.1587681,5.67,2.56,3.05
1.33394E+17,9/16/2023,20:06:57,39.9746802,-75.1587888,5.67,2.56,3.05
1.33394E+17,9/16/2023,20:07:23,39.974586,-75.1588126,5.67,2.5,3.06
1.33394E+17,9/16/2023,20:07:25,39.9744737,-75.1588354,5.67,2.5,3.06
1.33394E+17,9/16/2023,20:07:27,39.9743158,-75.1588685,5.67,2.5,3.06
1.33394E+17,9/16/2023,20:07:29,39.9741181,-75.1589101,5.67,2.5,3.06
1.33394E+17,9/16/2023,20:07:31,39.9738898,-75.1589595,5.67,2.5,3.06
1.33394E+17,9/16/2023,20:07:33,39.9736479,-75.1590144,5.67,2.5,3.06
1.33394E+17,9/16/2023,20:07:35,39.9734026,-75.1590689,5.67,2.53,3.06
1.33394E+17,9/16/2023,20:07:37,39.9731473,-75.1591299,5.67,2.53,3.06
1.33394E+17,9/16/2023,20:07:39,39.9728807,-75.159192,5.67,2.53,3.06
1.33394E+17,9/16/2023,20:07:41,39.9726336,-75.1592265,5.67,2.53,3.06
1.33394E+17,9/16/2023,20:07:43,39.9723894,-75.1592864,5.67,2.53,3.06
1.33394E+17,9/16/2023,20:07:45,39.9721686,-75.1593353,5.67,2.52,3.22
1.33394E+17,9/16/2023,20:07:47,39.9719555,-75.15938,5.67,2.52,3.22
1.33394E+17,9/16/2023,20:07:49,39.9718015,-75.1594122,5.67,2.52,3.22
1.33394E+17,9/16/2023,20:07:52,39.9716943,-75.159436,5.67,2.52,3.22
1.33394E+17,9/16/2023,20:08:20,39.9715693,-75.1594651,5.67,2.59,3.26
1.33394E+17,9/16/2023,20:08:22,39.9714715,-75.1594856,5.67,2.59,3.26
1.33394E+17,9/16/2023,20:08:24,39.9713503,-75.1595125,5.67,2.59,3.26
1.33394E+17,9/16/2023,20:08:26,39.9711971,-75.1595465,5.67,2.59,3.26
1.33394E+17,9/16/2023,20:08:28,39.9710127,-75.1595868,5.67,2.59,3.26
1.33394E+17,9/16/2023,20:08:30,39.9708105,-75.1596316,5.67,2.51,3.27
1.33394E+17,9/16/2023,20:08:32,39.9705956,-75.1596776,5.67,2.51,3.27
1.33394E+17,9/16/2023,20:08:34,39.9703809,-75.1597253,5.67,2.51,3.27
1.33394E+17,9/16/2023,20:08:36,39.9701836,-75.1597712,5.67,2.51,3.27
1.33394E+17,9/16/2023,20:08:38,39.970024,-75.1598078,5.67,2.51,3.27
1.33394E+17,9/16/2023,20:08:41,39.96993,-75.1598271,5.67,2.49,3.24
1.33394E+17,9/16/2023,20:08:44,39.9698177,-75.1598512,5.67,2.49,3.24
1.33394E+17,9/16/2023,20:08:46,39.969728,-75.1598707,5.67,2.49,3.24
1.33394E+17,9/16/2023,20:08:48,39.9696027,-75.159898,5.67,2.49,3.24
1.33394E+17,9/16/2023,20:08:50,39.9694516,-75.1599317,5.67,2.49,3.24
1.33394E+17,9/16/2023,20:08:52,39.9692812,-75.1599679,5.67,2.71,3.24
1.33394E+17,9/16/2023,20:08:54,39.9691192,-75.160003,5.67,2.71,3.24
1.33394E+17,9/16/2023,20:08:56,39.9689688,-75.1600341,5.67,2.71,3.24
1.33394E+17,9/16/2023,20:08:58,39.9688171,-75.1600675,5.67,2.71,3.24
1.33394E+17,9/16/2023,20:09:00,39.9686781,-75.1600978,5.67,2.71,3.24
1.33394E+17,9/16/2023,20:09:02,39.9685556,-75.1601242,5.67,2.71,3.24
1.33394E+17,9/16/2023,20:09:04,39.9684223,-75.1601551,5.67,2.81,3.26
1.33394E+17,9/16/2023,20:09:06,39.9682749,-75.1601881,5.67,2.81,3.26
1.33394E+17,9/16/2023,20:09:08,39.9681114,-75.1602228,5.67,2.81,3.26
1.33394E+17,9/16/2023,20:09:10,39.9679596,-75.1602551,5.67,2.81,3.26
1.33394E+17,9/16/2023,20:09:12,39.9678619,-75.1602726,5.67,2.81,3.26
1.33394E+17,9/16/2023,20:09:31,39.9677694,-75.1602836,5.67,3.02,3.24
1.33394E+17,9/16/2023,20:09:36,39.9676509,-75.1603091,5.67,3.02,3.24
1.33394E+17,9/16/2023,20:09:38,39.9675607,-75.1603292,5.67,3.02,3.24
1.33394E+17,9/16/2023,20:09:40,39.9674413,-75.160355,5.67,3.02,3.24
1.33394E+17,9/16/2023,20:09:42,39.9672985,-75.1603855,5.67,2.98,3.23
1.33394E+17,9/16/2023,20:09:44,39.9671405,-75.1604216,5.67,2.98,3.23
1.33394E+17,9/16/2023,20:09:46,39.966973,-75.1604575,5.67,2.98,3.23
1.33394E+17,9/16/2023,20:09:48,39.966799,-75.1604946,5.67,2.98,3.23
1.33394E+17,9/16/2023,20:09:50,39.966622,-75.1605323,5.67,2.98,3.23
1.33394E+17,9/16/2023,20:09:52,39.9664396,-75.1605728,5.67,2.98,3.23
1.33394E+17,9/16/2023,20:09:54,39.9662676,-75.1606113,5.67,2.89,3.25
1.33394E+17,9/16/2023,20:09:56,39.9661593,-75.1606342,5.67,2.89,3.25
1.33394E+17,9/16/2023,20:09:59,39.9660619,-75.1606558,5.67,2.89,3.25
1.33394E+17,9/16/2023,20:10:16,39.9659526,-75.160677,5.67,2.97,3.3
1.33394E+17,9/16/2023,20:10:19,39.9658105,-75.1607073,5.67,2.97,3.3
1.33394E+17,9/16/2023,20:10:21,39.9656775,-75.1607371,5.67,2.97,3.3
1.33394E+17,9/16/2023,20:10:23,39.9655271,-75.1607702,5.67,2.97,3.3
1.33394E+17,9/16/2023,20:10:25,39.9653642,-75.1608061,5.67,2.97,3.3
1.33394E+17,9/16/2023,20:10:27,39.9651906,-75.1608499,5.67,2.88,3.43
1.33394E+17,9/16/2023,20:10:29,39.9650314,-75.1608833,5.67,2.88,3.43
1.33394E+17,9/16/2023,20:10:31,39.9648843,-75.1609138,5.67,2.88,3.43
1.33394E+17,9/16/2023,20:10:33,39.9647777,-75.1609347,5.67,2.88,3.43
1.33394E+17,9/16/2023,20:10:53,39.9646835,-75.160944,5.67,2.69,3.46
1.33394E+17,9/16/2023,20:10:58,39.9645797,-75.1609704,5.67,2.69,3.46
1.33394E+17,9/16/2023,20:11:05,39.9644907,-75.1609996,5.67,2.69,3.43
1.33394E+17,9/16/2023,20:11:08,39.9643747,-75.161024,5.67,2.69,3.43
1.33394E+17,9/16/2023,20:11:10,39.9642733,-75.1610459,5.67,2.69,3.43
1.33394E+17,9/16/2023,20:11:12,39.9641475,-75.1610734,5.67,2.69,3.43
1.33394E+17,9/16/2023,20:11:14,39.9640207,-75.1611008,5.67,2.69,3.43
1.33394E+17,9/16/2023,20:11:16,39.9639009,-75.1611306,5.67,2.7,3.43
1.33394E+17,9/16/2023,20:11:18,39.9637667,-75.1611701,5.67,2.7,3.43
1.33394E+17,9/16/2023,20:11:20,39.9636413,-75.1612126,5.67,2.7,3.43
1.33394E+17,9/16/2023,20:11:24,39.963537,-75.1612496,5.67,2.7,3.43
1.33394E+17,9/16/2023,20:11:28,39.9634334,-75.1612719,5.67,2.85,3.32
1.33394E+17,9/16/2023,20:11:58,39.9633066,-75.1612929,5.67,2.8,3.29
1.33394E+17,9/16/2023,20:12:00,39.9632068,-75.1612997,5.67,2.8,3.29
1.33394E+17,9/16/2023,20:12:02,39.9630912,-75.1612913,5.67,2.8,3.29
1.33394E+17,9/16/2023,20:12:04,39.962926,-75.1613351,5.67,2.8,3.29
1.33394E+17,9/16/2023,20:12:06,39.962757,-75.1613767,5.67,2.8,3.29
1.33394E+17,9/16/2023,20:12:08,39.9625803,-75.1614347,5.67,2.8,3.29
1.33394E+17,9/16/2023,20:12:10,39.9624162,-75.1614686,5.67,2.78,3.27
1.33394E+17,9/16/2023,20:12:12,39.962258,-75.1614905,5.67,2.78,3.27
1.33394E+17,9/16/2023,20:12:14,39.9621147,-75.1615084,5.67,2.78,3.27
1.33394E+17,9/16/2023,20:12:16,39.9619742,-75.1615548,5.67,2.78,3.27
1.33394E+17,9/16/2023,20:12:18,39.9618283,-75.1616022,5.67,2.78,3.27
1.33394E+17,9/16/2023,20:12:20,39.9616722,-75.1616416,5.67,2.78,3.27
1.33394E+17,9/16/2023,20:12:22,39.9615034,-75.1616803,5.67,2.72,3.16
1.33394E+17,9/16/2023,20:12:24,39.9613392,-75.1617167,5.67,2.72,3.16
1.33394E+17,9/16/2023,20:12:26,39.9611943,-75.161748,5.67,2.72,3.16
1.33394E+17,9/16/2023,20:12:28,39.961099,-75.1617671,5.67,2.72,3.16
1.33394E+17,9/16/2023,20:12:31,39.9609935,-75.1617903,5.67,2.72,3.16
1.33394E+17,9/16/2023,20:12:34,39.960892,-75.1618103,5.67,2.72,3.14
1.33394E+17,9/16/2023,20:12:36,39.9607954,-75.1618309,5.67,2.72,3.14
1.33394E+17,9/16/2023,20:12:38,39.9606774,-75.1618584,5.67,2.72,3.14
1.33394E+17,9/16/2023,20:12:40,39.9605534,-75.1618866,5.67,2.72,3.14
1.33394E+17,9/16/2023,20:12:42,39.9604445,-75.1619082,5.67,2.72,3.14
1.33394E+17,9/16/2023,20:12:45,39.9603174,-75.1619301,5.67,2.49,3.31
1.33394E+17,9/16/2023,20:12:48,39.960198,-75.1619529,5.67,2.49,3.31
1.33394E+17,9/16/2023,20:13:27,39.9600932,-75.1619405,5.67,2.35,3.32
1.33394E+17,9/16/2023,20:13:29,39.9599961,-75.1619604,5.67,2.35,3.32
1.33394E+17,9/16/2023,20:13:31,39.9598887,-75.161969,5.67,2.35,3.32
1.33394E+17,9/16/2023,20:13:33,39.9597632,-75.1620104,5.67,2.35,3.32
1.33394E+17,9/16/2023,20:13:35,39.9596785,-75.1620695,5.67,2.35,3.32
1.33394E+17,9/16/2023,20:13:38,39.9597105,-75.1621932,5.67,2.26,3.34
1.33394E+17,9/16/2023,20:13:40,39.9597404,-75.1624083,5.67,2.26,3.34
1.33394E+17,9/16/2023,20:13:42,39.9597746,-75.1626289,5.67,2.26,3.34
1.33394E+17,9/16/2023,20:13:44,39.9598052,-75.1628648,5.67,2.26,3.34
1.33394E+17,9/16/2023,20:13:46,39.9598246,-75.1630917,5.67,2.26,3.34
1.33394E+17,9/16/2023,20:13:48,39.9598397,-75.1632588,5.67,2.09,3.39
1.33394E+17,9/16/2023,20:13:51,39.9598506,-75.1633867,5.67,2.09,3.39
1.33394E+17,9/16/2023,20:14:23,39.9598813,-75.1635053,5.67,2.04,3.39
1.33394E+17,9/16/2023,20:14:26,39.9598341,-75.1636435,5.67,2.04,3.39
1.33394E+17,9/16/2023,20:14:28,39.9597189,-75.1636993,5.67,2.04,3.39
1.33394E+17,9/16/2023,20:14:30,39.9595554,-75.1637419,5.67,2.04,3.39
1.33394E+17,9/16/2023,20:14:32,39.9593622,-75.1637913,5.67,2.04,3.39
1.33394E+17,9/16/2023,20:14:34,39.9591638,-75.1638444,5.67,1.97,3.29
1.33394E+17,9/16/2023,20:14:36,39.9589863,-75.163888,5.67,1.97,3.29
1.33394E+17,9/16/2023,20:14:38,39.9588554,-75.1639161,5.67,1.97,3.29
1.33394E+17,9/16/2023,20:14:40,39.9587468,-75.1639665,5.67,1.97,3.29
1.33394E+17,9/16/2023,20:14:43,39.958626,-75.1640029,5.67,1.97,3.29
1.33394E+17,9/16/2023,20:14:57,39.9585384,-75.1640333,5.67,2.27,3.25
1.33394E+17,9/16/2023,20:15:16,39.9584242,-75.1640707,5.67,2.32,3.21
1.33394E+17,9/16/2023,20:15:19,39.95829,-75.1641041,5.67,2.32,3.21
1.33394E+17,9/16/2023,20:15:21,39.95816,-75.1641355,5.67,2.32,3.21
1.33394E+17,9/16/2023,20:15:23,39.9580082,-75.1641668,5.67,2.32,3.21
1.33394E+17,9/16/2023,20:15:26,39.9577664,-75.1642152,5.67,2.32,3.21
1.33394E+17,9/16/2023,20:15:28,39.9575967,-75.164241,5.67,2.52,3.25
1.33394E+17,9/16/2023,20:15:30,39.9574263,-75.1642678,5.67,2.52,3.25
1.33394E+17,9/16/2023,20:15:32,39.9572442,-75.1643026,5.67,2.52,3.25
1.33394E+17,9/16/2023,20:15:34,39.9570642,-75.1643413,5.67,2.52,3.25
1.33394E+17,9/16/2023,20:15:36,39.9568933,-75.1643744,5.67,2.52,3.25
1.33394E+17,9/16/2023,20:15:38,39.9567622,-75.1643946,5.67,2.95,3.52
1.33394E+17,9/16/2023,20:15:41,39.9566481,-75.1644226,5.67,2.95,3.52
1.33394E+17,9/16/2023,20:16:09,39.9565567,-75.1644647,5.67,2.86,3.57
1.33394E+17,9/16/2023,20:16:13,39.9564233,-75.1644908,5.67,2.86,3.57
1.33394E+17,9/16/2023,20:16:15,39.9562958,-75.164514,5.67,2.86,3.57
1.33394E+17,9/16/2023,20:16:17,39.9561464,-75.164539,5.67,2.86,3.57
1.33394E+17,9/16/2023,20:16:19,39.9559858,-75.1645707,5.67,2.86,3.57
1.33394E+17,9/16/2023,20:16:21,39.9558373,-75.1646003,5.67,2.96,3.61
1.33394E+17,9/16/2023,20:16:23,39.9557404,-75.1646166,5.67,2.96,3.61
1.33394E+17,9/16/2023,20:16:29,39.9556378,-75.1646216,5.67,2.96,3.61
1.33394E+17,9/16/2023,20:16:31,39.9555421,-75.1646403,5.67,2.98,3.6
1.33394E+17,9/16/2023,20:16:33,39.9554275,-75.1646705,5.67,2.98,3.6
1.33394E+17,9/16/2023,20:16:44,39.9552107,-75.1647502,5.67,3.07,3.71
1.33394E+17,9/16/2023,20:16:49,39.9551287,-75.1648531,5.67,3.07,3.71
1.33394E+17,9/16/2023,20:16:53,39.9550342,-75.1648875,5.67,3.07,3.71
1.33394E+17,9/16/2023,20:17:01,39.9549205,-75.1649097,5.67,3.06,3.69
1.33394E+17,9/16/2023,20:17:14,39.9548346,-75.1649661,5.67,3.04,3.54
1.33394E+17,9/16/2023,20:17:40,39.9547614,-75.1650529,5.67,3.07,3.54
1.33394E+17,9/16/2023,20:17:44,39.954666,-75.1650657,5.67,3.07,3.54
1.33394E+17,9/16/2023,20:18:02,39.9545434,-75.1650966,5.67,3.05,3.5
1.33394E+17,9/16/2023,20:18:04,39.9544479,-75.1651159,5.67,3.05,3.5
1.33394E+17,9/16/2023,20:18:06,39.954354,-75.1651447,5.67,3.05,3.5
1.33394E+17,9/16/2023,20:18:09,39.9542422,-75.1651737,5.67,3.05,3.5
1.33394E+17,9/16/2023,20:18:14,39.9541367,-75.1651852,5.67,3.21,3.47
1.33394E+17,9/16/2023,20:18:21,39.9540469,-75.1651488,5.67,3.21,3.47
1.33394E+17,9/16/2023,20:18:33,39.953956,-75.1651265,5.67,3.23,3.44
1.33394E+17,9/16/2023,20:18:48,39.9538569,-75.1651073,5.67,3.24,3.42
1.33394E+17,9/16/2023,20:18:51,39.9537365,-75.1651233,5.67,3.24,3.42
1.33394E+17,9/16/2023,20:18:53,39.9536459,-75.1651292,5.67,3.24,3.42
1.33394E+17,9/16/2023,20:18:57,39.9534844,-75.1651228,5.67,3.24,3.42
1.33394E+17,9/16/2023,20:19:00,39.9533912,-75.1651162,5.67,3.21,3.43
1.33394E+17,9/16/2023,20:19:04,39.9532935,-75.1651197,5.67,3.21,3.43
1.33394E+17,9/16/2023,20:19:08,39.9531997,-75.1651287,5.67,3.21,3.43
1.33394E+17,9/16/2023,20:19:13,39.9530941,-75.1651505,5.67,2.85,3.27
1.33394E+17,9/16/2023,20:19:17,39.9529796,-75.1651554,5.67,2.85,3.27
1.33394E+17,9/16/2023,20:19:20,39.9528891,-75.1651616,5.67,2.85,3.27
1.33394E+17,9/16/2023,20:19:57,39.9527936,-75.1651727,5.67,2.65,3.2
1.33394E+17,9/16/2023,20:20:01,39.9526838,-75.1651944,5.67,2.65,3.2
1.33394E+17,9/16/2023,20:20:03,39.9525859,-75.1652141,5.67,2.65,3.2
1.33394E+17,9/16/2023,20:20:05,39.9524636,-75.16524,5.67,2.65,3.2
1.33394E+17,9/16/2023,20:20:07,39.9523497,-75.165266,5.67,2.49,3.09
1.33394E+17,9/16/2023,20:20:09,39.9522375,-75.1652918,5.67,2.49,3.09
1.33394E+17,9/16/2023,20:20:11,39.9521295,-75.1653125,5.67,2.49,3.09
1.33394E+17,9/16/2023,20:20:13,39.9520271,-75.1653058,5.67,2.49,3.09
1.33394E+17,9/16/2023,20:20:15,39.9519314,-75.1652694,5.67,2.49,3.09
1.33394E+17,9/16/2023,20:20:17,39.9518556,-75.1651902,5.67,2.49,3.09
1.33394E+17,9/16/2023,20:20:19,39.9517978,-75.1650985,5.67,2.29,3
1.33394E+17,9/16/2023,20:20:24,39.9516787,-75.1650361,5.67,2.29,3
1.33394E+17,9/16/2023,20:20:27,39.9515705,-75.1650377,5.67,2.29,3
1.33394E+17,9/16/2023,20:20:32,39.9514696,-75.1650561,5.67,2.2,3.05
1.33394E+17,9/16/2023,20:20:44,39.9515122,-75.1649165,5.67,2.13,3.06
1.33394E+17,9/16/2023,20:20:48,39.9514398,-75.1650084,5.67,2.13,3.06
1.33394E+17,9/16/2023,20:20:51,39.951376,-75.1651097,5.67,2.13,3.06
1.33394E+17,9/16/2023,20:21:01,39.951313,-75.1650207,5.67,1.99,3.06
1.33394E+17,9/16/2023,20:21:08,39.9513534,-75.1649156,5.67,1.99,3.06
1.33394E+17,9/16/2023,20:21:21,39.9513437,-75.1647931,5.67,2.1,3.15
1.33394E+17,9/16/2023,20:21:27,39.9512513,-75.164707,5.67,2.1,3.15
1.33394E+17,9/16/2023,20:21:30,39.95117,-75.164629,5.67,2.1,3.15
1.33394E+17,9/16/2023,20:21:33,39.951092,-75.164563,5.67,2.32,3.36
1.33394E+17,9/16/2023,20:21:39,39.9509938,-75.1645366,5.67,2.32,3.36
1.33394E+17,9/16/2023,20:21:51,39.950915,-75.1644252,5.67,2.33,3.48
1.33394E+17,9/16/2023,20:21:53,39.9508109,-75.1643972,5.67,2.33,3.48
1.33394E+17,9/16/2023,20:21:55,39.9506646,-75.1644113,5.67,2.33,3.48
1.33394E+17,9/16/2023,20:21:57,39.950501,-75.1644631,5.67,2.33,3.48
1.33394E+17,9/16/2023,20:21:59,39.9503403,-75.1644993,5.67,2.33,3.48
1.33394E+17,9/16/2023,20:22:01,39.9501867,-75.1645127,5.67,2.33,3.48
1.33394E+17,9/16/2023,20:22:03,39.950023,-75.1645527,5.67,2.28,3.54
1.33394E+17,9/16/2023,20:22:05,39.9498698,-75.1645825,5.67,2.28,3.54
1.33394E+17,9/16/2023,20:22:07,39.949727,-75.1646106,5.67,2.28,3.54
1.33394E+17,9/16/2023,20:22:09,39.9495434,-75.1646387,5.67,2.28,3.54
1.33394E+17,9/16/2023,20:22:11,39.9493818,-75.1646091,5.67,2.28,3.54
1.33394E+17,9/16/2023,20:22:13,39.9492245,-75.1646459,5.67,2.39,3.58
1.33394E+17,9/16/2023,20:22:15,39.9490665,-75.1646824,5.67,2.39,3.58
1.33394E+17,9/16/2023,20:22:17,39.9489068,-75.1647209,5.67,2.39,3.58
1.33394E+17,9/16/2023,20:22:19,39.9488178,-75.1647543,5.67,2.39,3.58
1.33394E+17,9/16/2023,20:22:29,39.948733,-75.1647049,5.67,2.24,3.62
1.33394E+17,9/16/2023,20:22:35,39.9486307,-75.1647087,5.67,2.24,3.62
1.33394E+17,9/16/2023,20:22:43,39.9485401,-75.1646479,5.67,2.32,3.69
1.33394E+17,9/16/2023,20:22:45,39.9484297,-75.1645963,5.67,2.32,3.69
1.33394E+17,9/16/2023,20:22:47,39.9483003,-75.1646001,5.67,2.32,3.69
1.33394E+17,9/16/2023,20:22:49,39.9481647,-75.1646288,5.67,2.32,3.69
1.33394E+17,9/16/2023,20:22:51,39.9480355,-75.1646477,5.67,2.32,3.69
1.33394E+17,9/16/2023,20:22:53,39.9478874,-75.1646516,5.67,2.32,3.69
1.33394E+17,9/16/2023,20:22:55,39.9477264,-75.1646762,5.67,2.56,3.75
1.33394E+17,9/16/2023,20:22:57,39.9475401,-75.1647123,5.67,2.56,3.75
1.33394E+17,9/16/2023,20:22:59,39.9473521,-75.1647514,5.67,2.56,3.75
1.33394E+17,9/16/2023,20:23:01,39.9471611,-75.1648007,5.67,2.56,3.75
1.33394E+17,9/16/2023,20:23:03,39.9469988,-75.1648383,5.67,2.56,3.75
1.33394E+17,9/16/2023,20:23:05,39.9468926,-75.1648567,5.67,2.92,3.85
1.33394E+17,9/16/2023,20:23:07,39.9467706,-75.1648789,5.67,2.92,3.85
1.33394E+17,9/16/2023,20:23:09,39.9466696,-75.1649167,5.67,2.92,3.85
1.33394E+17,9/16/2023,20:23:11,39.946562,-75.1649271,5.67,2.92,3.85
1.33394E+17,9/16/2023,20:23:14,39.9464585,-75.1649451,5.67,2.92,3.85
1.33394E+17,9/16/2023,20:23:18,39.9463533,-75.1649718,5.67,2.9,3.85
1.33394E+17,9/16/2023,20:23:21,39.9462538,-75.1649952,5.67,2.9,3.85
1.33394E+17,9/16/2023,20:23:23,39.9461388,-75.1650219,5.67,2.9,3.85
1.33394E+17,9/16/2023,20:23:25,39.9460216,-75.1650523,5.67,2.9,3.85
1.33394E+17,9/16/2023,20:23:27,39.9458869,-75.1650771,5.67,2.9,3.85
1.33394E+17,9/16/2023,20:23:29,39.9457183,-75.1651054,5.67,2.87,3.91
1.33394E+17,9/16/2023,20:23:31,39.9455448,-75.1651529,5.67,2.87,3.91
1.33394E+17,9/16/2023,20:23:33,39.94535,-75.165193,5.67,2.87,3.91
1.33394E+17,9/16/2023,20:23:35,39.9451221,-75.1652359,5.67,2.87,3.91
1.33394E+17,9/16/2023,20:23:37,39.944892,-75.1652766,5.67,2.87,3.91
1.33394E+17,9/16/2023,20:23:39,39.944691,-75.1653134,5.67,2.87,3.91
1.33394E+17,9/16/2023,20:23:41,39.9445378,-75.165342,5.67,2.86,3.95
1.33394E+17,9/16/2023,20:23:43,39.9443895,-75.1653713,5.67,2.86,3.95
1.33394E+17,9/16/2023,20:23:45,39.9442189,-75.1654082,5.67,2.86,3.95
1.33394E+17,9/16/2023,20:23:47,39.9440599,-75.165438,5.67,2.86,3.95
1.33394E+17,9/16/2023,20:23:49,39.9439049,-75.1654652,5.67,2.86,3.95
1.33394E+17,9/16/2023,20:23:51,39.9437465,-75.1654987,5.67,2.86,3.95
1.33394E+17,9/16/2023,20:23:53,39.9435969,-75.1655291,5.67,2.74,3.96
1.33394E+17,9/16/2023,20:23:55,39.9434596,-75.1655612,5.67,2.74,3.96
1.33394E+17,9/16/2023,20:23:57,39.9433274,-75.1655867,5.67,2.74,3.96
1.33394E+17,9/16/2023,20:23:59,39.9432137,-75.1656104,5.67,2.74,3.96
1.33394E+17,9/16/2023,20:24:01,39.9430924,-75.1656403,5.67,2.74,3.96
1.33394E+17,9/16/2023,20:24:03,39.9429893,-75.1656551,5.67,2.92,3.95
1.33394E+17,9/16/2023,20:24:39,39.9428697,-75.1656421,5.67,2.85,3.9
1.33394E+17,9/16/2023,20:24:41,39.9427687,-75.1656608,5.67,2.85,3.9
1.33394E+17,9/16/2023,20:24:43,39.9426326,-75.1656907,5.67,2.85,3.9
1.33394E+17,9/16/2023,20:24:45,39.9424795,-75.1657252,5.67,2.85,3.9
1.33394E+17,9/16/2023,20:24:47,39.942318,-75.1657643,5.67,2.85,3.9
1.33394E+17,9/16/2023,20:24:49,39.9421338,-75.1658054,5.67,2.97,3.9
1.33394E+17,9/16/2023,20:24:51,39.9419459,-75.1658456,5.67,2.97,3.9
1.33394E+17,9/16/2023,20:24:53,39.9417655,-75.1658836,5.67,2.97,3.9
1.33394E+17,9/16/2023,20:24:55,39.9415817,-75.1659251,5.67,2.97,3.9
1.33394E+17,9/16/2023,20:24:57,39.9413782,-75.1659683,5.67,2.97,3.9
1.33394E+17,9/16/2023,20:24:59,39.941155,-75.1660147,5.67,3.35,3.87
1.33394E+17,9/16/2023,20:25:01,39.9409307,-75.1660618,5.67,3.35,3.87
1.33394E+17,9/16/2023,20:25:03,39.9407179,-75.1661105,5.67,3.35,3.87
1.33394E+17,9/16/2023,20:25:05,39.9405151,-75.1661612,5.67,3.35,3.87
1.33394E+17,9/16/2023,20:25:07,39.940307,-75.1662104,5.67,3.35,3.87
1.33394E+17,9/16/2023,20:25:09,39.9400971,-75.1662627,5.67,3.35,3.87
1.33394E+17,9/16/2023,20:25:11,39.9398901,-75.1663124,5.67,3.34,3.82
1.33394E+17,9/16/2023,20:25:13,39.9396701,-75.1663638,5.67,3.34,3.82
1.33394E+17,9/16/2023,20:25:15,39.9394268,-75.1664193,5.67,3.34,3.82
1.33394E+17,9/16/2023,20:25:17,39.9391799,-75.166472,5.67,3.34,3.82
1.33394E+17,9/16/2023,20:25:19,39.9389427,-75.1665225,5.67,3.34,3.82
1.33394E+17,9/16/2023,20:25:21,39.9386983,-75.1665784,5.67,3.25,3.72
1.33394E+17,9/16/2023,20:25:23,39.9384539,-75.1666297,5.67,3.25,3.72
1.33394E+17,9/16/2023,20:25:25,39.9382207,-75.1666826,5.67,3.25,3.72
1.33394E+17,9/16/2023,20:25:27,39.9380108,-75.1667304,5.67,3.25,3.72
1.33394E+17,9/16/2023,20:25:29,39.9378426,-75.1667684,5.67,3.25,3.72
1.33394E+17,9/16/2023,20:25:31,39.9377182,-75.1667994,5.67,3.25,3.72
1.33394E+17,9/16/2023,20:25:34,39.9376279,-75.1668205,5.67,3.3,3.64
1.33394E+17,9/16/2023,20:25:48,39.9375247,-75.1668348,5.67,3.13,3.5
1.33394E+17,9/16/2023,20:25:51,39.9373914,-75.1668596,5.67,3.13,3.5
1.33394E+17,9/16/2023,20:25:53,39.9372827,-75.1668814,5.67,3.13,3.5
1.33394E+17,9/16/2023,20:25:55,39.9371815,-75.1669044,5.67,3.13,3.5
1.33394E+17,9/16/2023,20:25:58,39.9370558,-75.1669335,5.67,3.13,3.5
1.33394E+17,9/16/2023,20:26:01,39.9369271,-75.1669602,5.67,3.18,3.15
1.33394E+17,9/16/2023,20:26:36,39.9368246,-75.1669395,5.67,3.11,3.11
1.33394E+17,9/16/2023,20:26:39,39.9367136,-75.1669682,5.67,3.11,3.11
1.33394E+17,9/16/2023,20:26:41,39.9365985,-75.1669971,5.67,3.11,3.11
1.33394E+17,9/16/2023,20:26:43,39.9364804,-75.1670225,5.67,3.11,3.11
1.33394E+17,9/16/2023,20:26:46,39.9363685,-75.1670525,5.67,3.06,3.06
1.33394E+17,9/16/2023,20:26:49,39.9362757,-75.1670748,5.67,3.06,3.06
1.33394E+17,9/16/2023,20:26:51,39.9361587,-75.1671012,5.67,3.06,3.06
1.33394E+17,9/16/2023,20:26:53,39.9360184,-75.1671362,5.67,3.06,3.06
1.33394E+17,9/16/2023,20:26:55,39.9358804,-75.1671707,5.67,3.06,3.06
1.33394E+17,9/16/2023,20:26:57,39.9357453,-75.1672087,5.67,3.07,3.03
1.33394E+17,9/16/2023,20:26:59,39.9356189,-75.1672453,5.67,3.07,3.03
1.33394E+17,9/16/2023,20:27:01,39.9354979,-75.1672734,5.67,3.07,3.03
1.33394E+17,9/16/2023,20:27:03,39.9353629,-75.1673044,5.67,3.07,3.03
1.33394E+17,9/16/2023,20:27:05,39.9352261,-75.1673358,5.67,3.07,3.03
1.33394E+17,9/16/2023,20:27:07,39.9350904,-75.1673654,5.67,3.07,3.03
1.33394E+17,9/16/2023,20:27:09,39.9349626,-75.1673932,5.67,2.92,2.95
1.33394E+17,9/16/2023,20:27:12,39.9348634,-75.1674123,5.67,2.92,2.95
1.33394E+17,9/16/2023,20:27:18,39.9347515,-75.1674272,5.67,2.92,2.95
1.33394E+17,9/16/2023,20:27:20,39.9346436,-75.167452,5.67,2.6,2.87
1.33394E+17,9/16/2023,20:27:22,39.9345022,-75.1674837,5.67,2.6,2.87
1.33394E+17,9/16/2023,20:27:24,39.9343549,-75.1675194,5.67,2.6,2.87
1.33394E+17,9/16/2023,20:27:26,39.9342017,-75.167557,5.67,2.6,2.87
1.33394E+17,9/16/2023,20:27:28,39.9340338,-75.1675924,5.67,2.6,2.87
1.33394E+17,9/16/2023,20:27:30,39.9338635,-75.1676273,5.67,2.6,2.87
1.33394E+17,9/16/2023,20:27:32,39.9337019,-75.1676629,5.67,2.55,2.7
1.33394E+17,9/16/2023,20:27:34,39.9335498,-75.1676942,5.67,2.55,2.7
1.33394E+17,9/16/2023,20:27:36,39.9334058,-75.167727,5.67,2.55,2.7
1.33394E+17,9/16/2023,20:27:38,39.9332963,-75.1677564,5.67,2.55,2.7
1.33394E+17,9/16/2023,20:27:41,39.9331885,-75.1677866,5.67,2.55,2.7
1.33394E+17,9/16/2023,20:28:08,39.933104,-75.1678316,5.67,2.6,2.71
1.33394E+17,9/16/2023,20:28:11,39.9329536,-75.1678634,5.67,2.6,2.71
1.33394E+17,9/16/2023,20:28:13,39.9328057,-75.1678936,5.67,2.6,2.71
1.33394E+17,9/16/2023,20:28:15,39.9326345,-75.1679307,5.67,2.6,2.71
1.33394E+17,9/16/2023,20:28:17,39.9324651,-75.1679696,5.67,2.6,2.71
1.33394E+17,9/16/2023,20:28:19,39.9323052,-75.1680039,5.67,2.49,2.73
1.33394E+17,9/16/2023,20:28:21,39.932149,-75.1680253,5.67,2.49,2.73
1.33394E+17,9/16/2023,20:28:23,39.9319991,-75.1680404,5.67,2.49,2.73
1.33394E+17,9/16/2023,20:28:25,39.9319069,-75.1680564,5.67,2.49,2.73
1.33394E+17,9/16/2023,20:28:37,39.9317881,-75.1680623,5.67,2.67,2.82
1.33394E+17,9/16/2023,20:28:39,39.9317088,-75.1680048,5.67,2.67,2.82
1.33394E+17,9/16/2023,20:28:41,39.9316699,-75.1678896,5.67,2.67,2.82
1.33394E+17,9/16/2023,20:28:43,39.931647,-75.1677286,5.67,2.67,2.82
1.33394E+17,9/16/2023,20:28:45,39.9316231,-75.1675477,5.67,2.67,2.82
1.33394E+17,9/16/2023,20:28:47,39.9316026,-75.1673694,5.67,2.64,2.87
1.33394E+17,9/16/2023,20:28:49,39.931586,-75.1672429,5.67,2.64,2.87
1.33394E+17,9/16/2023,20:28:53,39.9315688,-75.1671001,5.67,2.64,2.87
1.33394E+17,9/16/2023,20:28:55,39.9315546,-75.166978,5.67,2.64,2.87
1.33394E+17,9/16/2023,20:28:57,39.9315379,-75.1668274,5.67,2.64,2.83
1.33394E+17,9/16/2023,20:28:59,39.9315176,-75.1666684,5.67,2.64,2.83
1.33394E+17,9/16/2023,20:29:01,39.931501,-75.166528,5.67,2.64,2.83
1.33394E+17,9/16/2023,20:29:03,39.9314855,-75.1663982,5.67,2.64,2.83
1.33394E+17,9/16/2023,20:29:06,39.9314664,-75.1662462,5.67,2.64,2.83
1.33394E+17,9/16/2023,20:29:10,39.931447,-75.1661174,5.67,2.47,2.86
1.33394E+17,9/16/2023,20:29:14,39.9314267,-75.1659627,5.67,2.47,2.86
1.33394E+17,9/16/2023,20:29:16,39.9314082,-75.1658161,5.67,2.47,2.86
1.33394E+17,9/16/2023,20:29:18,39.931385,-75.1656438,5.67,2.47,2.86
1.33394E+17,9/16/2023,20:29:20,39.9313606,-75.1654546,5.67,2.37,2.89
1.33394E+17,9/16/2023,20:29:22,39.9313358,-75.1652556,5.67,2.37,2.89
1.33394E+17,9/16/2023,20:29:24,39.9313127,-75.1650625,5.67,2.37,2.89
1.33394E+17,9/16/2023,20:29:26,39.9312917,-75.1648826,5.67,2.37,2.89
1.33394E+17,9/16/2023,20:29:28,39.9312718,-75.1647281,5.67,2.37,2.89
1.33394E+17,9/16/2023,20:29:31,39.9312509,-75.1645697,5.67,2.46,2.96
1.33394E+17,9/16/2023,20:29:36,39.9312062,-75.1644544,5.67,2.46,2.96
1.33394E+17,9/16/2023,20:29:39,39.9310795,-75.1644449,5.67,2.46,2.96
1.33394E+17,9/16/2023,20:29:42,39.9309583,-75.1644695,5.67,2.35,3
1.33394E+17,9/16/2023,20:29:43,39.9308232,-75.1645032,5.67,2.35,3
1.33394E+17,9/16/2023,20:29:45,39.9306807,-75.1645333,5.67,2.35,3
1.33394E+17,9/16/2023,20:29:47,39.9305406,-75.164564,5.67,2.35,3
1.33394E+17,9/16/2023,20:29:49,39.9303923,-75.1645945,5.67,2.35,3
1.33394E+17,9/16/2023,20:29:51,39.9302506,-75.1646248,5.67,2.35,3
1.33394E+17,9/16/2023,20:29:53,39.9301474,-75.1646501,5.67,2.27,2.96
1.33394E+17,9/16/2023,20:29:58,39.9300492,-75.1646748,5.67,2.27,2.96
1.33394E+17,9/16/2023,20:30:01,39.9299218,-75.1647036,5.67,2.27,2.96
1.33394E+17,9/16/2023,20:30:04,39.9298041,-75.1647278,5.67,2.26,3.33
1.33394E+17,9/16/2023,20:30:08,39.9297144,-75.1647647,5.67,2.26,3.33
